App_Temp,Date,Dew_point,Lat,Location,Longitude,Ozone,Precip_intes,Precipatation_prob,Temp,UV,WindBearing,WindGust,cloudCover,description,humidity,pressure,visibility,windSpeed
21.09,2018-06-24 17:04:22,10.44,51.6211442,"Swansea, West Glamorgan, Wales, SA1 3ES, UK",-3.9467751,327.41,0,0,21.09,2,219,8.29,0.2,Clear,0.51,1024.71,14.05,7.81
21.58,2018-06-24 17:30:08,10.95,51.6211442,"Swansea, West Glamorgan, Wales, SA1 3ES, UK",-3.9467751,327.53,0,0,21.58,2,234,7.72,0.18,Clear,0.51,1024.68,15.87,4.75
21.48,2018-06-24 18:00:09,9.28,51.6211442,"Swansea, West Glamorgan, Wales, SA1 3ES, UK",-3.9467751,327.67,0,0,21.48,1,262,7.44,0.16,Clear,0.46,1024.66,13.76,4.59
21.47,2018-06-24 18:30:08,10.09,51.6211442,"Swansea, West Glamorgan, Wales, SA1 3ES, UK",-3.9467751,327.78,0,0,21.47,1,259,7.6,0.15,Clear,0.48,1024.66,15.87,5.47
21.32,2018-06-24 19:00:09,9.06,51.6211442,"Swansea, West Glamorgan, Wales, SA1 3ES, UK",-3.9467751,314.92,0,0,21.32,1,210,6.9,0.11,Clear,0.46,1024.54,13.76,6.04
20.89,2018-06-24 19:30:09,9.82,51.6211442,"Swansea, West Glamorgan, Wales, SA1 3ES, UK",-3.9467751,314.85,0,0,20.89,1,219,6.69,0.11,Clear,0.49,1024.6,15.88,5.57
20.16,2018-06-24 20:00:09,9.08,51.6211442,"Swansea, West Glamorgan, Wales, SA1 3ES, UK",-3.9467751,314.81,0,0,20.16,0,198,8.29,0.11,Clear,0.49,1024.56,13.76,6.69
19.49,2018-06-24 20:30:08,9.77,51.6211442,"Swansea, West Glamorgan, Wales, SA1 3ES, UK",-3.9467751,314.76,0,0,19.49,0,210,7.53,0.11,Clear,0.53,1024.62,15.87,4.43
19.49,2018-06-24 21:00:13,9.89,51.6211442,"Swansea, West Glamorgan, Wales, SA1 3ES, UK",-3.9467751,314.71,0,0,19.49,0,261,6.07,0.12,Clear,0.54,1024.68,13.76,2.85
18.75,2018-06-24 21:30:13,10.32,51.6211442,"Swansea, West Glamorgan, Wales, SA1 3ES, UK",-3.9467751,314.67,0,0,18.75,0,286,5.94,0.13,Clear,0.58,1024.79,15.88,2.62
18.56,2018-06-24 22:00:13,10.16,51.6211442,"Swansea, West Glamorgan, Wales, SA1 3ES, UK",-3.9467751,314.63,0,0,18.56,0,327,5.83,0.15,Clear,0.58,1024.9,13.76,2.95
17.82,2018-06-24 22:30:13,10.46,51.6211442,"Swansea, West Glamorgan, Wales, SA1 3ES, UK",-3.9467751,314.63,0,0,17.82,0,347,7.85,0.13,Clear,0.62,1025.06,15.88,3.07
17.27,2018-06-24 23:00:14,10.68,51.6211442,"Swansea, West Glamorgan, Wales, SA1 3ES, UK",-3.9467751,314.64,0,0,17.27,0,15,7.97,0.18,Clear,0.65,1025.2,16.09,4.23
16.71,2018-06-24 23:30:12,10.9,51.6211442,"Swansea, West Glamorgan, Wales, SA1 3ES, UK",-3.9467751,314.64,0,0,16.71,0,23,8.03,0.19,Clear,0.69,1025.32,16.09,4.72
14.82,2018-06-25 00:00:13,9.28,51.6211442,"Swansea, West Glamorgan, Wales, SA1 3ES, UK",-3.9467751,314.64,0,0,14.82,0,18,8.77,0.19,Clear,0.69,1025.44,13.76,8.77
14.66,2018-06-25 00:30:12,9.57,51.6211442,"Swansea, West Glamorgan, Wales, SA1 3ES, UK",-3.9467751,314.65,0,0,14.66,0,18,8.42,0.15,Clear,0.72,1025.46,15.88,8.08
15.62,2018-06-25 01:00:14,10.82,51.6211442,"Swansea, West Glamorgan, Wales, SA1 3ES, UK",-3.9467751,313.13,0,0,15.62,0,7,9.19,0.12,Clear,0.73,1025.37,16.09,6.89
15.23,2018-06-25 01:30:12,10.83,51.6211442,"Swansea, West Glamorgan, Wales, SA1 3ES, UK",-3.9467751,313.13,0,0,15.23,0,12,8.8,0.12,Clear,0.75,1025.42,16.09,6.5
13.55,2018-06-25 02:00:11,10.32,51.6211442,"Swansea, West Glamorgan, Wales, SA1 3ES, UK",-3.9467751,313.14,0,0,13.55,0,38,8.43,0.11,Clear,0.81,1025.47,13.76,4.14
12.28,2018-06-25 03:00:11,9.87,51.6211442,"Swansea, West Glamorgan, Wales, SA1 3ES, UK",-3.9467751,313.18,0,0,12.28,0,353,7.4,0.11,Clear,0.85,1025.31,13.76,3.69
12.51,2018-06-25 03:30:12,10.08,51.6211442,"Swansea, West Glamorgan, Wales, SA1 3ES, UK",-3.9467751,313.21,0,0,12.51,0,11,7,0.08,Clear,0.85,1025.29,15.88,3.48
12.69,2018-06-25 04:00:15,10.02,51.6211442,"Swansea, West Glamorgan, Wales, SA1 3ES, UK",-3.9467751,313.24,0,0,12.69,0,27,6.6,0.05,Clear,0.84,1025.27,13.76,4.96
12.84,2018-06-25 04:30:12,10.15,51.6211442,"Swansea, West Glamorgan, Wales, SA1 3ES, UK",-3.9467751,313.28,0,0,12.84,0,33,6.5,0.02,Clear,0.84,1025.36,15.87,4.97
12.08,2018-06-25 05:00:11,9.67,51.6211442,"Swansea, West Glamorgan, Wales, SA1 3ES, UK",-3.9467751,313.33,0,0,12.08,0,27,6.23,0,Clear,0.85,1025.41,13.74,4.6
12.66,2018-06-25 05:30:14,10.13,51.6211442,"Swansea, West Glamorgan, Wales, SA1 3ES, UK",-3.9467751,313.38,0,0,12.66,0,37,6.02,0,Clear,0.85,1025.7,15.87,4.57
12.23,2018-06-25 06:00:12,9.71,51.6211442,"Swansea, West Glamorgan, Wales, SA1 3ES, UK",-3.9467751,313.43,0,0,12.23,0,41,5.75,0,Clear,0.85,1025.83,13.76,3.96
13.07,2018-06-25 06:30:11,10.28,51.6211442,"Swansea, West Glamorgan, Wales, SA1 3ES, UK",-3.9467751,313.47,0,0,13.07,0,54,5.71,0.05,Clear,0.83,1026.02,15.87,3.98
12.71,2018-06-25 07:00:16,9.9,51.6211442,"Swansea, West Glamorgan, Wales, SA1 3ES, UK",-3.9467751,314.54,0,0,12.71,1,61,6.1,0.12,Clear,0.83,1026.14,13.76,5.83
16.47,2018-06-25 08:00:11,12.36,51.6211442,"Swansea, West Glamorgan, Wales, SA1 3ES, UK",-3.9467751,314.64,0,0,16.47,1,96,5.15,0.35,Partly Cloudy,0.77,1026.11,13.76,4.15
17.46,2018-06-25 08:30:11,12.74,51.6211442,"Swansea, West Glamorgan, Wales, SA1 3ES, UK",-3.9467751,314.72,0,0,17.46,1,117,5.42,0.37,Partly Cloudy,0.74,1026.16,15.88,4.63
18.74,2018-06-25 09:00:09,12.83,51.6211442,"Swansea, West Glamorgan, Wales, SA1 3ES, UK",-3.9467751,314.8,0,0,18.74,2,150,6.18,0.39,Partly Cloudy,0.69,1026.21,13.76,5.02
19.3,2018-06-25 09:30:12,13.17,51.6211442,"Swansea, West Glamorgan, Wales, SA1 3ES, UK",-3.9467751,314.97,0,0,19.3,2,155,6.26,0.35,Partly Cloudy,0.68,1026.26,15.88,5.21
19.75,2018-06-25 10:00:10,13.81,51.6211442,"Swansea, West Glamorgan, Wales, SA1 3ES, UK",-3.9467751,315.13,0,0,19.75,3,177,6.34,0.32,Partly Cloudy,0.69,1026.3,13.76,4.65
20.19,2018-06-25 10:30:09,13.95,51.6211442,"Swansea, West Glamorgan, Wales, SA1 3ES, UK",-3.9467751,315.5,0,0,20.19,3,181,6.07,0.3,Partly Cloudy,0.67,1026.38,15.88,4.78
20.31,2018-06-25 11:00:15,13.69,51.6211442,"Swansea, West Glamorgan, Wales, SA1 3ES, UK",-3.9467751,315.87,0,0,20.31,4,170,5.92,0.54,Partly Cloudy,0.66,1026.49,16.09,4.57
20.78,2018-06-25 11:30:26,13.82,51.6211442,"Swansea, West Glamorgan, Wales, SA1 3ES, UK",-3.9467751,316.33,0,0,20.78,5,179,5.87,0.44,Partly Cloudy,0.64,1026.64,16.09,4.52
21.39,2018-06-25 12:00:17,13.19,51.6211442,"Swansea, West Glamorgan, Wales, SA1 3ES, UK",-3.9467751,316.79,0,0,21.39,5,180,8.64,0.35,Partly Cloudy,0.6,1026.79,13.76,6.78
21.68,2018-06-25 12:30:14,13.42,51.6211442,"Swansea, West Glamorgan, Wales, SA1 3ES, UK",-3.9467751,317.11,0,0,21.68,6,187,7.9,0.36,Partly Cloudy,0.59,1026.83,15.88,6.28
22.26,2018-06-25 13:00:14,12.87,51.6211442,"Swansea, West Glamorgan, Wales, SA1 3ES, UK",-3.9467751,321.14,0,0,22.26,6,183,8.95,0.37,Partly Cloudy,0.55,1026.81,13.76,6.84
22.54,2018-06-25 13:30:16,13.16,51.6211442,"Swansea, West Glamorgan, Wales, SA1 3ES, UK",-3.9467751,321.26,0,0,22.54,6,193,8.26,0.29,Partly Cloudy,0.55,1026.76,15.88,6.23
22.92,2018-06-25 14:00:13,12.14,51.6211442,"Swansea, West Glamorgan, Wales, SA1 3ES, UK",-3.9467751,321.39,0,0,22.92,6,196,10.96,0.3,Partly Cloudy,0.51,1026.63,13.76,7.81
23.18,2018-06-25 14:30:12,12.58,51.6211442,"Swansea, West Glamorgan, Wales, SA1 3ES, UK",-3.9467751,321.37,0,0,23.18,5,215,10.22,0.37,Partly Cloudy,0.51,1026.44,15.88,6.37
23.06,2018-06-25 15:00:12,11.47,51.6211442,"Swansea, West Glamorgan, Wales, SA1 3ES, UK",-3.9467751,321.35,0,0,23.06,5,241,11.52,0.44,Partly Cloudy,0.48,1026.24,13.76,8.4
23.34,2018-06-25 15:30:12,12.06,51.6211442,"Swansea, West Glamorgan, Wales, SA1 3ES, UK",-3.9467751,321.31,0,0,23.34,4,243,10.88,0.54,Partly Cloudy,0.49,1026.19,15.88,8.38
23.73,2018-06-25 16:00:11,11.94,51.6211442,"Swansea, West Glamorgan, Wales, SA1 3ES, UK",-3.9467751,321.28,0,0,23.73,3,244,10.73,0.63,Mostly Cloudy,0.48,1026.13,13.76,10.61
23.58,2018-06-25 16:30:13,12.47,51.6211442,"Swansea, West Glamorgan, Wales, SA1 3ES, UK",-3.9467751,321.18,0,0,23.58,2,234,10.94,0.62,Mostly Cloudy,0.5,1025.96,15.88,10.94
23.73,2018-06-25 17:00:12,11.41,51.6211442,"Swansea, West Glamorgan, Wales, SA1 3ES, UK",-3.9467751,321.08,0,0,23.73,2,216,10.65,0.66,Mostly Cloudy,0.46,1025.85,13.74,10.65
23.84,2018-06-25 17:30:11,12.07,51.6211442,"Swansea, West Glamorgan, Wales, SA1 3ES, UK",-3.9467751,320.94,0,0,23.84,2,250,9.45,0.48,Partly Cloudy,0.48,1025.74,15.87,5.81
23.81,2018-06-25 18:00:16,11.19,51.6211442,"Swansea, West Glamorgan, Wales, SA1 3ES, UK",-3.9467751,320.81,0,0,23.81,1,311,10.61,0.48,Partly Cloudy,0.45,1025.73,13.76,10.61
23.61,2018-06-25 18:30:13,11.9,51.6211442,"Swansea, West Glamorgan, Wales, SA1 3ES, UK",-3.9467751,320.65,0,0,23.61,1,302,9.88,0.52,Partly Cloudy,0.48,1025.62,15.87,9.85
23.88,2018-06-25 19:00:12,11.53,51.6211442,"Swansea, West Glamorgan, Wales, SA1 3ES, UK",-3.9467751,315.88,0,0,23.88,1,243,14.5,0.61,Mostly Cloudy,0.46,1025.45,13.74,14.5
23.2,2018-06-25 19:30:13,12.03,51.6211442,"Swansea, West Glamorgan, Wales, SA1 3ES, UK",-3.9467751,315.77,0,0,23.2,0,247,12.41,0.65,Mostly Cloudy,0.49,1025.46,15.88,12.41
23.42,2018-06-25 20:00:11,12.84,51.6211442,"Swansea, West Glamorgan, Wales, SA1 3ES, UK",-3.9467751,315.68,0,0,23.42,0,297,10.27,0.75,Mostly Cloudy,0.52,1025.4,16.09,8.18
22.51,2018-06-25 20:30:13,13.02,51.6211442,"Swansea, West Glamorgan, Wales, SA1 3ES, UK",-3.9467751,315.57,0,0,22.51,0,314,10.35,0.78,Mostly Cloudy,0.55,1025.34,16.09,7.35
22.09,2018-06-25 21:00:14,12.16,51.6211442,"Swansea, West Glamorgan, Wales, SA1 3ES, UK",-3.9467751,315.46,0,0,22.09,0,345,10.7,0.81,Mostly Cloudy,0.53,1025.28,13.76,10.7
21.22,2018-06-25 21:30:11,12.47,51.6211442,"Swansea, West Glamorgan, Wales, SA1 3ES, UK",-3.9467751,315.4,0,0,21.22,0,346,10.48,0.83,Mostly Cloudy,0.57,1025.31,15.87,9.88
19.92,2018-06-25 22:00:12,11.44,51.6211442,"Swansea, West Glamorgan, Wales, SA1 3ES, UK",-3.9467751,315.34,0,0,19.92,0,331,10.53,0.85,Mostly Cloudy,0.58,1025.34,13.76,9.87
19.35,2018-06-25 22:30:14,11.79,51.6211442,"Swansea, West Glamorgan, Wales, SA1 3ES, UK",-3.9467751,315.3,0,0,19.35,0,342,11.51,0.76,Mostly Cloudy,0.62,1025.47,15.88,9.03
17.91,2018-06-25 23:00:16,12.22,51.6211442,"Swansea, West Glamorgan, Wales, SA1 3ES, UK",-3.9467751,315.26,0,0,17.91,0,356,12.3,0.74,Mostly Cloudy,0.69,1025.63,13.76,8.16
17.63,2018-06-25 23:30:15,12.38,51.6211442,"Swansea, West Glamorgan, Wales, SA1 3ES, UK",-3.9467751,315.27,0,0,17.63,0,12,11.91,0.72,Mostly Cloudy,0.71,1025.66,15.88,7.81
17.29,2018-06-26 00:00:19,12.04,51.6211442,"Swansea, West Glamorgan, Wales, SA1 3ES, UK",-3.9467751,315.28,0,0,17.29,0,18,11.54,0.69,Mostly Cloudy,0.71,1025.69,13.76,6.9
17.01,2018-06-26 00:30:20,12.13,51.6211442,"Swansea, West Glamorgan, Wales, SA1 3ES, UK",-3.9467751,315.3,0,0,17.01,0,24,11.38,0.52,Partly Cloudy,0.73,1025.76,15.88,6.9
16.05,2018-06-26 01:00:17,11.69,51.6211442,"Swansea, West Glamorgan, Wales, SA1 3ES, UK",-3.9467751,316.15,0,0,16.05,0,16,12.25,0.37,Partly Cloudy,0.75,1025.69,13.76,4.88
15.87,2018-06-26 01:30:15,11.67,51.6211442,"Swansea, West Glamorgan, Wales, SA1 3ES, UK",-3.9467751,316.14,0,0,15.87,0,24,12.44,0.36,Partly Cloudy,0.76,1025.6,15.88,5.39
16,2018-06-26 02:00:21,10.69,51.6211442,"Swansea, West Glamorgan, Wales, SA1 3ES, UK",-3.9467751,316.13,0,0,16,0,32,12.63,0.48,Partly Cloudy,0.71,1025.47,13.78,3.99
14.24,2018-06-26 03:00:21,10.41,51.6211442,"Swansea, West Glamorgan, Wales, SA1 3ES, UK",-3.9467751,316.17,0,0,14.24,0,30,13.33,0.72,Mostly Cloudy,0.78,1025.22,13.76,5.62
14.28,2018-06-26 03:30:15,10.47,51.6211442,"Swansea, West Glamorgan, Wales, SA1 3ES, UK",-3.9467751,316.17,0,0,14.28,0,43,13.71,0.71,Mostly Cloudy,0.78,1025.17,15.87,6.02
14.75,2018-06-26 04:00:17,10.49,51.6211442,"Swansea, West Glamorgan, Wales, SA1 3ES, UK",-3.9467751,316.18,0,0,14.75,0,59,14.08,0.69,Mostly Cloudy,0.76,1025.13,13.76,5.46
14.83,2018-06-26 04:30:29,10.67,51.6211442,"Swansea, West Glamorgan, Wales, SA1 3ES, UK",-3.9467751,316.19,0,0,14.83,0,66,14.48,0.67,Mostly Cloudy,0.76,1025.24,15.9,6.1
14.62,2018-06-26 05:30:18,10.81,51.6211442,"Swansea, West Glamorgan, Wales, SA1 3ES, UK",-3.9467751,316.19,0,0,14.62,0,73,13.18,0.28,Partly Cloudy,0.78,1025.48,15.88,5.62
14.08,2018-06-26 06:00:18,10.32,51.6211442,"Swansea, West Glamorgan, Wales, SA1 3ES, UK",-3.9467751,316.18,0,0,14.08,0,75,13.1,0.24,Clear,0.78,1025.67,13.76,6.34
14.89,2018-06-26 06:30:17,10.78,51.6211442,"Swansea, West Glamorgan, Wales, SA1 3ES, UK",-3.9467751,316.15,0,0,14.89,0,81,13.31,0.24,Clear,0.76,1025.76,15.88,6.9
15.14,2018-06-26 07:00:18,11.08,51.6211442,"Swansea, West Glamorgan, Wales, SA1 3ES, UK",-3.9467751,314.9,0,0,15.14,0,81,10.7,0.28,Partly Cloudy,0.77,1025.92,13.76,8.77
16.36,2018-06-26 07:30:15,11.69,51.6211442,"Swansea, West Glamorgan, Wales, SA1 3ES, UK",-3.9467751,314.76,0,0,16.36,1,88,11.6,0.27,Partly Cloudy,0.74,1025.98,15.88,9.09
19.71,2018-06-26 08:30:16,13.26,51.6211442,"Swansea, West Glamorgan, Wales, SA1 3ES, UK",-3.9467751,314.46,0,0,19.71,1,92,13.84,0.27,Partly Cloudy,0.66,1025.98,15.88,9.21
20.82,2018-06-26 09:00:20,13.12,51.6211442,"Swansea, West Glamorgan, Wales, SA1 3ES, UK",-3.9467751,314.28,0,0,20.82,2,95,15.16,0.26,Partly Cloudy,0.61,1025.92,13.78,7.18
21.39,2018-06-26 09:30:41,13.56,51.6211442,"Swansea, West Glamorgan, Wales, SA1 3ES, UK",-3.9467751,314.16,0,0,21.39,2,102,16.09,0.24,Clear,0.61,1025.88,15.92,8.16
22.27,2018-06-26 10:00:21,13.55,51.6211442,"Swansea, West Glamorgan, Wales, SA1 3ES, UK",-3.9467751,314.04,0,0,22.27,3,93,24.01,0.22,Clear,0.58,1025.83,13.76,8.37
22.61,2018-06-26 10:30:18,13.81,51.6211442,"Swansea, West Glamorgan, Wales, SA1 3ES, UK",-3.9467751,314.08,0,0,22.61,4,99,22.55,0.21,Clear,0.58,1025.9,15.88,9.16
23.61,2018-06-26 11:30:23,13.19,51.6211442,"Swansea, West Glamorgan, Wales, SA1 3ES, UK",-3.9467751,314.18,0,0,23.61,6,106,17.14,0.1,Clear,0.52,1025.96,15.88,7.85
24.22,2018-06-26 12:30:15,13.3,51.6211442,"Swansea, West Glamorgan, Wales, SA1 3ES, UK",-3.9467751,314.29,0,0,24.22,7,119,16.91,0.07,Clear,0.51,1025.87,15.88,7.27
25.19,2018-06-26 13:30:17,12.44,51.6211442,"Swansea, West Glamorgan, Wales, SA1 3ES, UK",-3.9467751,318.8,0,0,25.19,8,123,17.27,0.01,Clear,0.45,1025.59,15.88,9.96
25.74,2018-06-26 14:00:20,11.25,51.6211442,"Swansea, West Glamorgan, Wales, SA1 3ES, UK",-3.9467751,318.65,0,0,25.74,7,126,17.03,0,Clear,0.4,1025.35,13.78,7.85
26.01,2018-06-26 15:00:21,10.67,51.6211442,"Swansea, West Glamorgan, Wales, SA1 3ES, UK",-3.9467751,318.34,0,0,26.01,6,156,16.38,0,Clear,0.38,1025,13.76,7.24
26.16,2018-06-26 15:30:19,11.07,51.6211442,"Swansea, West Glamorgan, Wales, SA1 3ES, UK",-3.9467751,318.11,0,0,26.16,5,146,16.13,0,Clear,0.39,1024.88,15.88,7.29
19.61,2018-06-29 09:00:13,13.59,51.6211442,"Swansea, West Glamorgan, Wales, SA1 3ES, UK",-3.9467751,332.49,0,0,19.61,2,69,21.52,0,Clear,0.68,1023.23,13.76,16.83
20.05,2018-06-29 09:30:10,13.61,51.6211442,"Swansea, West Glamorgan, Wales, SA1 3ES, UK",-3.9467751,332.23,0,0,20.05,2,72,20.82,0,Clear,0.66,1023.08,15.88,16.05
21.18,2018-06-29 10:00:11,13.26,51.6211442,"Swansea, West Glamorgan, Wales, SA1 3ES, UK",-3.9467751,331.97,0,0,21.18,3,76,20.13,0,Clear,0.61,1022.94,15.11,16.48
21.42,2018-06-29 10:30:11,13.26,51.6211442,"Swansea, West Glamorgan, Wales, SA1 3ES, UK",-3.9467751,331.74,0,0,21.42,4,79,19.1,0.06,Clear,0.6,1022.81,16.09,15.74
22.32,2018-06-29 11:00:10,12.64,51.6211442,"Swansea, West Glamorgan, Wales, SA1 3ES, UK",-3.9467751,331.5,0,0,22.32,5,76,18.89,0.05,Clear,0.54,1022.68,13.76,15.71
22.49,2018-06-29 11:30:09,12.72,51.6211442,"Swansea, West Glamorgan, Wales, SA1 3ES, UK",-3.9467751,331.25,0,0,22.49,6,78,18.86,0.04,Clear,0.54,1022.58,15.87,15.06
22.8,2018-06-29 12:00:13,13.39,51.6211442,"Swansea, West Glamorgan, Wales, SA1 3ES, UK",-3.9467751,331,0,0,22.8,6,88,18.85,0.03,Clear,0.55,1022.48,13.74,9.56
23.99,2018-06-29 13:00:13,13.31,51.6211442,"Swansea, West Glamorgan, Wales, SA1 3ES, UK",-3.9467751,329.65,0,0,23.99,7,93,19.49,0.01,Clear,0.51,1022.12,13.76,9.11
24.08,2018-06-29 13:30:10,13.14,51.6211442,"Swansea, West Glamorgan, Wales, SA1 3ES, UK",-3.9467751,329.29,0,0,24.08,7,91,19.44,0,Clear,0.5,1021.92,15.87,9.72
23.96,2018-06-29 14:30:12,13.11,51.6211442,"Swansea, West Glamorgan, Wales, SA1 3ES, UK",-3.9467751,328.52,0,0,23.96,7,112,19.38,0,Clear,0.51,1021.27,15.88,12.76
24.35,2018-06-29 15:00:32,13.07,51.6211442,"Swansea, West Glamorgan, Wales, SA1 3ES, UK",-3.9467751,328.12,0,0,24.35,6,111,19.36,0,Clear,0.49,1020.96,13.78,11.65
24.56,2018-06-29 15:30:31,12.99,51.6211442,"Swansea, West Glamorgan, Wales, SA1 3ES, UK",-3.9467751,327.81,0,0,24.56,5,106,19.34,0,Clear,0.49,1020.74,15.9,11.52
24.76,2018-06-29 16:00:17,12.45,51.6211442,"Swansea, West Glamorgan, Wales, SA1 3ES, UK",-3.9467751,327.5,0,0,24.76,4,110,19.34,0,Clear,0.46,1020.52,13.76,11.17
25.02,2018-06-29 16:30:14,12.72,51.6211442,"Swansea, West Glamorgan, Wales, SA1 3ES, UK",-3.9467751,327.18,0,0,25.02,3,105,17.94,0,Clear,0.46,1020.14,15.88,10.91
25.32,2018-06-29 17:00:14,12.18,51.6211442,"Swansea, West Glamorgan, Wales, SA1 3ES, UK",-3.9467751,326.87,0,0,25.32,3,101,17.59,0,Clear,0.44,1019.95,13.76,10.53
25.1,2018-06-29 17:30:17,12.53,51.6211442,"Swansea, West Glamorgan, Wales, SA1 3ES, UK",-3.9467751,326.63,0,0,25.1,2,99,17.56,0,Clear,0.46,1019.86,15.88,10.38
24.74,2018-06-29 18:00:13,11.82,51.6211442,"Swansea, West Glamorgan, Wales, SA1 3ES, UK",-3.9467751,326.39,0,0,24.74,2,92,17.57,0,Clear,0.44,1019.73,13.76,7.55
24.56,2018-06-29 18:30:18,12.27,51.6211442,"Swansea, West Glamorgan, Wales, SA1 3ES, UK",-3.9467751,326.32,0,0,24.56,1,87,17.7,0,Clear,0.46,1019.65,15.88,8.08
24.19,2018-06-29 19:00:26,11.66,51.6211442,"Swansea, West Glamorgan, Wales, SA1 3ES, UK",-3.9467751,320.76,0,0,24.19,1,72,18.65,0,Clear,0.45,1019.52,13.78,8.77
23.79,2018-06-29 19:30:19,11.98,51.6211442,"Swansea, West Glamorgan, Wales, SA1 3ES, UK",-3.9467751,320.74,0,0,23.79,1,69,18.39,0,Clear,0.48,1019.49,15.88,9.11
22.83,2018-06-29 20:30:11,12.14,51.6211442,"Swansea, West Glamorgan, Wales, SA1 3ES, UK",-3.9467751,320.99,0,0,22.83,0,51,17.67,0,Clear,0.51,1019.17,15.88,10.96
22.97,2018-06-29 21:00:21,11.46,51.6211442,"Swansea, West Glamorgan, Wales, SA1 3ES, UK",-3.9467751,321.21,0,0,22.97,0,54,17.25,0,Clear,0.48,1019.04,13.78,7.87
22.07,2018-06-29 21:30:17,11.78,51.6211442,"Swansea, West Glamorgan, Wales, SA1 3ES, UK",-3.9467751,321.4,0,0,22.07,0,55,17.83,0,Clear,0.52,1018.98,15.88,8.9
21.77,2018-06-29 22:00:17,10.62,51.6211442,"Swansea, West Glamorgan, Wales, SA1 3ES, UK",-3.9467751,321.59,0,0,21.77,0,46,18.41,0,Clear,0.49,1018.93,13.76,8.92
21.01,2018-06-29 22:30:17,11.08,51.6211442,"Swansea, West Glamorgan, Wales, SA1 3ES, UK",-3.9467751,321.62,0,0,21.01,0,53,20.74,0,Clear,0.53,1018.92,15.87,10.01
19.41,2018-06-29 23:30:24,11.61,51.6211442,"Swansea, West Glamorgan, Wales, SA1 3ES, UK",-3.9467751,321.62,0,0,19.41,0,73,27.52,0,Clear,0.61,1019.1,15.88,14.21
18.02,2018-06-30 01:01:57,11.33,51.6211442,"Swansea, West Glamorgan, Wales, SA1 3ES, UK",-3.9467751,323.14,0,0,18.02,0,74,35.61,0,Clear,0.65,1019.08,13.87,18.93
17.52,2018-06-30 01:32:49,11.32,51.6211442,"Swansea, West Glamorgan, Wales, SA1 3ES, UK",-3.9467751,323.1,0,0,17.52,0,75,36.03,0,Clear,0.67,1019.09,16.06,18.52
17.07,2018-06-30 02:00:43,11.88,51.6211442,"Swansea, West Glamorgan, Wales, SA1 3ES, UK",-3.9467751,323.08,0,0,17.07,0,61,36.37,0,Clear,0.72,1018.89,13.81,15.55
16.58,2018-06-30 02:30:54,11.51,51.6211442,"Swansea, West Glamorgan, Wales, SA1 3ES, UK",-3.9467751,323.07,0,0,16.58,0,67,35.57,0,Clear,0.72,1018.74,15.93,15.82
15.42,2018-06-30 03:00:57,10.8,51.6211442,"Swansea, West Glamorgan, Wales, SA1 3ES, UK",-3.9467751,323.07,0,0,15.42,0,71,34.78,0,Clear,0.74,1018.6,13.81,14.32
14.97,2018-06-30 04:32:32,10.75,51.6211442,"Swansea, West Glamorgan, Wales, SA1 3ES, UK",-3.9467751,323.14,0,0,14.97,0,75,34.55,0,Clear,0.76,1018.27,16.03,15.82
14.58,2018-06-30 05:00:13,10.2,51.6211442,"Swansea, West Glamorgan, Wales, SA1 3ES, UK",-3.9467751,323.19,0,0,14.58,0,60,34.12,0,Clear,0.75,1018.17,13.76,15.93
14.5,2018-06-30 05:30:10,9.97,51.6211442,"Swansea, West Glamorgan, Wales, SA1 3ES, UK",-3.9467751,323.29,0,0,14.5,0,64,33.31,0,Clear,0.74,1018.09,15.87,15.85
13.58,2018-06-30 06:00:08,8.79,51.6211442,"Swansea, West Glamorgan, Wales, SA1 3ES, UK",-3.9467751,323.39,0,0,13.58,0,65,32.51,0,Clear,0.73,1018.08,13.76,13.53
13.84,2018-06-30 06:30:08,8.71,51.6211442,"Swansea, West Glamorgan, Wales, SA1 3ES, UK",-3.9467751,323.47,0,0,13.84,0,69,31.59,0,Clear,0.71,1018.02,15.87,13.92
14.69,2018-06-30 07:00:08,9.04,51.6211442,"Swansea, West Glamorgan, Wales, SA1 3ES, UK",-3.9467751,319.95,0,0,14.69,1,74,29.84,0,Clear,0.69,1017.97,13.76,13.74
15.28,2018-06-30 07:30:09,9.21,51.6211442,"Swansea, West Glamorgan, Wales, SA1 3ES, UK",-3.9467751,319.85,0,0,15.28,1,77,28.97,0,Clear,0.67,1017.96,15.87,14.19
16.12,2018-06-30 08:00:09,9.64,51.6211442,"Swansea, West Glamorgan, Wales, SA1 3ES, UK",-3.9467751,319.75,0,0,16.12,1,75,28.08,0,Clear,0.65,1017.83,13.76,17.03
16.85,2018-06-30 08:30:08,9.84,51.6211442,"Swansea, West Glamorgan, Wales, SA1 3ES, UK",-3.9467751,319.66,0,0,16.85,1,77,27.17,0,Clear,0.63,1017.62,15.88,16.75
17.43,2018-06-30 09:00:09,10.07,51.6211442,"Swansea, West Glamorgan, Wales, SA1 3ES, UK",-3.9467751,319.58,0,0,17.43,2,72,26.23,0,Clear,0.62,1017.41,13.74,18.65
17.99,2018-06-30 09:30:09,10.31,51.6211442,"Swansea, West Glamorgan, Wales, SA1 3ES, UK",-3.9467751,319.69,0,0,17.99,2,76,25.31,0.01,Clear,0.61,1017.24,15.87,17.91
18.7,2018-06-30 10:31:23,10.69,51.6211442,"Swansea, West Glamorgan, Wales, SA1 3ES, UK",-3.9467751,320.24,0,0,18.7,4,76,23.98,0.08,Clear,0.6,1016.81,15.95,17.08
19.59,2018-06-30 11:01:24,10.82,51.6211442,"Swansea, West Glamorgan, Wales, SA1 3ES, UK",-3.9467751,320.66,0,0,19.59,5,69,23.43,0.08,Clear,0.57,1016.63,13.86,17.67
20.11,2018-06-30 11:30:40,11.17,51.6211442,"Swansea, West Glamorgan, Wales, SA1 3ES, UK",-3.9467751,321.32,0,0,20.11,6,73,23.06,0.06,Clear,0.56,1016.55,15.92,16.87
20.13,2018-06-30 12:00:18,11.27,51.6211442,"Swansea, West Glamorgan, Wales, SA1 3ES, UK",-3.9467751,322,0,0,20.13,6,87,22.68,0.08,Clear,0.57,1016.47,13.76,10.3
20.71,2018-06-30 12:30:11,11.62,51.6211442,"Swansea, West Glamorgan, Wales, SA1 3ES, UK",-3.9467751,322.78,0,0,20.71,7,90,22.29,0.06,Clear,0.56,1016.33,15.87,11.01
20.87,2018-06-30 13:00:11,12.61,51.6211442,"Swansea, West Glamorgan, Wales, SA1 3ES, UK",-3.9467751,326.95,0,0,20.87,7,93,23.09,0.08,Clear,0.59,1016.2,13.76,9.33
21.39,2018-06-30 13:30:55,12.74,51.6211442,"Swansea, West Glamorgan, Wales, SA1 3ES, UK",-3.9467751,327.53,0,0,21.39,7,95,22.42,0.06,Clear,0.58,1016,15.93,10.2
22.53,2018-06-30 14:30:11,13,51.6211442,"Swansea, West Glamorgan, Wales, SA1 3ES, UK",-3.9467751,328.65,0,0,22.53,6,111,21.05,0.06,Clear,0.55,1015.44,15.88,11.01
23.18,2018-06-30 15:00:09,12.83,51.6211442,"Swansea, West Glamorgan, Wales, SA1 3ES, UK",-3.9467751,329.21,0,0,23.18,6,121,20.31,0,Clear,0.52,1015.15,13.74,7.95
23.42,2018-06-30 15:30:09,13.08,51.6211442,"Swansea, West Glamorgan, Wales, SA1 3ES, UK",-3.9467751,329.38,0,0,23.42,5,116,19.62,0.14,Clear,0.52,1014.86,15.87,8.37
24.24,2018-06-30 16:00:10,12.83,51.6211442,"Swansea, West Glamorgan, Wales, SA1 3ES, UK",-3.9467751,329.54,0,0,24.24,4,98,18.93,0.27,Partly Cloudy,0.49,1014.56,13.76,9.21
24.53,2018-06-30 16:30:08,13.11,51.6211442,"Swansea, West Glamorgan, Wales, SA1 3ES, UK",-3.9467751,329.05,0,0,24.53,3,100,15.64,0.32,Partly Cloudy,0.49,1014.26,15.87,8.67
24.82,2018-06-30 17:00:11,12.88,51.6211442,"Swansea, West Glamorgan, Wales, SA1 3ES, UK",-3.9467751,328.56,0,0,24.82,2,121,15.98,0.38,Partly Cloudy,0.47,1014.07,13.76,6.94
24.91,2018-06-30 17:30:09,13.22,51.6211442,"Swansea, West Glamorgan, Wales, SA1 3ES, UK",-3.9467751,327.62,0,0,24.91,2,118,14.71,0.36,Partly Cloudy,0.48,1013.95,15.87,6.66
25.16,2018-06-30 18:00:10,13.03,51.6211442,"Swansea, West Glamorgan, Wales, SA1 3ES, UK",-3.9467751,326.68,0,0,25.16,1,94,13.81,0.36,Partly Cloudy,0.47,1013.82,13.76,5.49
24.97,2018-06-30 18:30:09,13.36,51.6211442,"Swansea, West Glamorgan, Wales, SA1 3ES, UK",-3.9467751,325.83,0,0,24.97,1,86,13.28,0.4,Partly Cloudy,0.49,1013.75,15.87,5.2
24.62,2018-06-30 19:00:09,12.99,51.6211442,"Swansea, West Glamorgan, Wales, SA1 3ES, UK",-3.9467751,329.35,0,0,24.62,1,57,12.75,0.45,Partly Cloudy,0.48,1013.62,13.76,5.46
24.05,2018-06-30 19:30:08,13.39,51.6211442,"Swansea, West Glamorgan, Wales, SA1 3ES, UK",-3.9467751,328.23,0,0,24.05,0,54,12.26,0.41,Partly Cloudy,0.51,1013.65,15.87,5.34
24.06,2018-06-30 20:00:09,13.23,51.6211442,"Swansea, West Glamorgan, Wales, SA1 3ES, UK",-3.9467751,327.1,0,0,24.06,0,38,12.99,0.36,Partly Cloudy,0.51,1013.48,13.76,4.44
22.39,2018-06-30 20:30:08,13.52,51.6211442,"Swansea, West Glamorgan, Wales, SA1 3ES, UK",-3.9467751,325.73,0,0,22.39,0,28,11.89,0.2,Clear,0.57,1013.41,15.87,5.18
22.45,2018-06-30 21:00:09,13.18,51.6211442,"Swansea, West Glamorgan, Wales, SA1 3ES, UK",-3.9467751,324.36,0,0,22.45,0,21,11.09,0.05,Clear,0.56,1013.34,13.76,6.58
21.67,2018-06-30 21:30:09,13.46,51.6211442,"Swansea, West Glamorgan, Wales, SA1 3ES, UK",-3.9467751,323.19,0,0,21.67,0,22,11.89,0.04,Clear,0.6,1013.41,15.87,6.97
21.36,2018-06-30 22:00:09,13.32,51.6211442,"Swansea, West Glamorgan, Wales, SA1 3ES, UK",-3.9467751,322.03,0,0,21.36,0,26,12.73,0.03,Clear,0.6,1013.49,13.76,9.11
20.63,2018-06-30 22:30:08,13.48,51.6211442,"Swansea, West Glamorgan, Wales, SA1 3ES, UK",-3.9467751,321.18,0,0,20.63,0,30,15.34,0.11,Clear,0.64,1013.47,15.87,9.53
19.97,2018-06-30 23:00:09,12.55,51.6211442,"Swansea, West Glamorgan, Wales, SA1 3ES, UK",-3.9467751,320.33,0,0,19.97,0,60,17.59,0.1,Clear,0.62,1013.51,13.74,8.8
21.16,2018-07-07 12:30:23,15.63,51.6211442,"Swansea, West Glamorgan, Wales, SA1 3ES, UK",-3.9467751,302.1,0,0,21.14,6,242,10.83,0.21,Clear,0.71,1025.4,15.88,10.83
21.19,2018-07-07 13:00:23,15.69,51.6211442,"Swansea, West Glamorgan, Wales, SA1 3ES, UK",-3.9467751,308.85,0,0,21.16,7,238,12.55,0.2,Clear,0.71,1025.43,13.76,12.05
21.73,2018-07-07 13:30:12,15.81,51.6211442,"Swansea, West Glamorgan, Wales, SA1 3ES, UK",-3.9467751,309.14,0,0,21.69,7,233,12.3,0.17,Clear,0.69,1025.39,15.87,11.65
22.12,2018-07-07 14:00:14,15.88,51.6211442,"Swansea, West Glamorgan, Wales, SA1 3ES, UK",-3.9467751,309.44,0,0,22.08,7,215,13.29,0.15,Clear,0.68,1025.36,13.78,12.73
22.51,2018-07-07 14:30:10,15.96,51.6211442,"Swansea, West Glamorgan, Wales, SA1 3ES, UK",-3.9467751,309.74,0,0,22.47,6,236,13.07,0.14,Clear,0.67,1025.23,15.88,9.38
22.27,2018-07-07 15:00:12,15.84,51.6211442,"Swansea, West Glamorgan, Wales, SA1 3ES, UK",-3.9467751,310.05,0,0,22.24,6,276,13.65,0.15,Clear,0.67,1025.09,13.74,11.07
22.63,2018-07-07 15:30:11,15.94,51.6211442,"Swansea, West Glamorgan, Wales, SA1 3ES, UK",-3.9467751,310.34,0,0,22.58,5,269,13.39,0.14,Clear,0.66,1025.04,15.87,12.02
22.67,2018-07-07 16:00:11,15.68,51.6211442,"Swansea, West Glamorgan, Wales, SA1 3ES, UK",-3.9467751,310.63,0,0,22.66,4,241,15.4,0.14,Clear,0.65,1024.99,13.76,15.4
22.63,2018-07-07 16:30:10,15.89,51.6211442,"Swansea, West Glamorgan, Wales, SA1 3ES, UK",-3.9467751,310.79,0,0,22.59,3,233,15.55,0.14,Clear,0.66,1024.81,15.87,15.55
22.63,2018-07-07 17:00:13,15.83,51.6211442,"Swansea, West Glamorgan, Wales, SA1 3ES, UK",-3.9467751,310.96,0,0,22.6,2,226,15.06,0.14,Clear,0.66,1024.74,13.76,15.06
22.69,2018-07-07 17:30:24,16.06,51.6211442,"Swansea, West Glamorgan, Wales, SA1 3ES, UK",-3.9467751,311.07,0,0,22.64,2,254,13.66,0.12,Clear,0.66,1024.63,15.88,10.44
24.04,2018-07-07 18:00:20,15.23,51.6211442,"Swansea, West Glamorgan, Wales, SA1 3ES, UK",-3.9467751,311.18,0,0,24.04,1,315,13.95,0.09,Clear,0.58,1024.63,15.95,13.95
22.71,2018-07-07 19:30:25,15.6,51.6211442,"Swansea, West Glamorgan, Wales, SA1 3ES, UK",-3.9467751,303.64,0,0,22.71,1,254,14.03,0.05,Clear,0.64,1024.6,15.88,13.84
22.31,2018-07-07 20:00:18,15.8,51.6211442,"Swansea, West Glamorgan, Wales, SA1 3ES, UK",-3.9467751,303.72,0,0,22.28,0,294,13.81,0.04,Clear,0.67,1024.72,16.09,9.99
21.74,2018-07-07 20:30:19,15.77,51.6211442,"Swansea, West Glamorgan, Wales, SA1 3ES, UK",-3.9467751,303.8,0,0,21.71,0,302,13.78,0.03,Clear,0.69,1024.79,16.09,9.66
21.46,2018-07-07 21:00:16,14.54,51.6211442,"Swansea, West Glamorgan, Wales, SA1 3ES, UK",-3.9467751,303.88,0,0,21.46,0,327,13.74,0.02,Clear,0.65,1024.91,13.76,12.01
20.79,2018-07-07 21:30:13,14.63,51.6211442,"Swansea, West Glamorgan, Wales, SA1 3ES, UK",-3.9467751,303.94,0,0,20.79,0,331,13.63,0.02,Clear,0.68,1025.03,15.87,11.17
20.47,2018-07-07 22:00:17,14.38,51.6211442,"Swansea, West Glamorgan, Wales, SA1 3ES, UK",-3.9467751,304,0,0,20.47,0,332,13.52,0.01,Clear,0.68,1025.14,13.76,10.73
19.74,2018-07-07 22:30:14,14.38,51.6211442,"Swansea, West Glamorgan, Wales, SA1 3ES, UK",-3.9467751,303.95,0,0,19.74,0,334,13.33,0.01,Clear,0.71,1025.21,15.87,10.14
18.26,2018-07-07 23:00:40,14.12,51.6211442,"Swansea, West Glamorgan, Wales, SA1 3ES, UK",-3.9467751,303.9,0,0,18.26,0,339,14.1,0,Clear,0.77,1025.35,13.79,11.59
17.96,2018-07-07 23:30:15,14.01,51.6211442,"Swansea, West Glamorgan, Wales, SA1 3ES, UK",-3.9467751,303.85,0,0,17.96,0,341,13.66,0,Clear,0.78,1025.42,15.88,11.06
17.14,2018-07-08 00:01:33,13.99,51.6211442,"Swansea, West Glamorgan, Wales, SA1 3ES, UK",-3.9467751,303.79,0,0,17.14,0,339,13.2,0,Clear,0.82,1025.5,13.86,10.28
16.97,2018-07-08 00:32:57,13.86,51.6211442,"Swansea, West Glamorgan, Wales, SA1 3ES, UK",-3.9467751,303.74,0,0,16.97,0,344,12.7,0,Clear,0.82,1025.55,16.06,9.87
16.96,2018-07-08 01:31:15,13.84,51.6211442,"Swansea, West Glamorgan, Wales, SA1 3ES, UK",-3.9467751,305.56,0,0,16.96,0,2,11.09,0.01,Clear,0.82,1025.53,15.95,8.4
15.69,2018-07-08 02:01:02,13.08,51.6211442,"Swansea, West Glamorgan, Wales, SA1 3ES, UK",-3.9467751,305.5,0,0,15.69,0,332,10.7,0.02,Clear,0.84,1025.58,13.81,2.48
15.69,2018-07-08 02:30:55,13.18,51.6211442,"Swansea, West Glamorgan, Wales, SA1 3ES, UK",-3.9467751,305.5,0,0,15.69,0,358,10.25,0.03,Clear,0.85,1025.58,15.92,3.14
15.37,2018-07-08 03:00:50,13.57,51.6211442,"Swansea, West Glamorgan, Wales, SA1 3ES, UK",-3.9467751,305.5,0,0,15.37,0,9,9.82,0.04,Clear,0.89,1025.53,13.79,3.43
15.43,2018-07-08 03:30:52,13.63,51.6211442,"Swansea, West Glamorgan, Wales, SA1 3ES, UK",-3.9467751,305.5,0,0,15.43,0,18,9.4,0.05,Clear,0.89,1025.55,15.92,4.02
14.87,2018-07-08 04:00:38,13.43,51.6211442,"Swansea, West Glamorgan, Wales, SA1 3ES, UK",-3.9467751,305.51,0,0,14.87,0,349,9,0.06,Clear,0.91,1025.57,13.79,5.33
14.89,2018-07-08 04:30:49,13.43,51.6211442,"Swansea, West Glamorgan, Wales, SA1 3ES, UK",-3.9467751,305.62,0,0,14.89,0,0,8.64,0,Clear,0.91,1025.6,15.92,5.23
15.54,2018-07-08 05:02:20,14.14,51.6211442,"Swansea, West Glamorgan, Wales, SA1 3ES, UK",-3.9467751,305.73,0,0,15.54,0,22,8.24,0,Clear,0.91,1025.69,13.9,4.92
15.75,2018-07-08 05:33:01,14.2,51.6211442,"Swansea, West Glamorgan, Wales, SA1 3ES, UK",-3.9467751,305.87,0,0,15.75,0,27,7.74,0,Clear,0.91,1025.86,16.08,4.92
14.97,2018-07-08 06:01:19,13.16,51.6211442,"Swansea, West Glamorgan, Wales, SA1 3ES, UK",-3.9467751,305.99,0,0,14.97,0,36,7.29,0,Clear,0.89,1026.06,13.84,3.93
15.63,2018-07-08 06:30:17,13.51,51.6211442,"Swansea, West Glamorgan, Wales, SA1 3ES, UK",-3.9467751,306.08,0,0,15.63,0,42,6.81,0,Clear,0.87,1026.23,15.88,4.01
16.88,2018-07-08 07:30:21,14.15,51.6211442,"Swansea, West Glamorgan, Wales, SA1 3ES, UK",-3.9467751,302.3,0,0,16.88,1,30,5.33,0.01,Clear,0.84,1026.51,15.88,4.18
19.05,2018-07-08 08:00:20,15.54,51.6211442,"Swansea, West Glamorgan, Wales, SA1 3ES, UK",-3.9467751,302.39,0,0,19,1,56,4.78,0.01,Clear,0.8,1026.66,13.76,3.2
19.88,2018-07-08 08:30:18,15.77,51.6211442,"Swansea, West Glamorgan, Wales, SA1 3ES, UK",-3.9467751,302.44,0,0,19.82,1,79,4.26,0.01,Clear,0.78,1026.83,15.88,2.61
21.27,2018-07-08 09:00:19,15.58,51.6211442,"Swansea, West Glamorgan, Wales, SA1 3ES, UK",-3.9467751,302.49,0,0,21.26,2,121,3.73,0.01,Clear,0.7,1026.94,13.76,1.82
21.8,2018-07-08 09:30:14,15.86,51.6211442,"Swansea, West Glamorgan, Wales, SA1 3ES, UK",-3.9467751,302.6,0,0,21.76,2,151,3.7,0.01,Clear,0.69,1026.95,15.88,2.08
23.11,2018-07-08 10:00:17,15.49,51.6211442,"Swansea, West Glamorgan, Wales, SA1 3ES, UK",-3.9467751,302.7,0,0,23.11,3,104,4.96,0.01,Clear,0.62,1026.96,13.76,3.12
23.32,2018-07-08 10:30:14,15.86,51.6211442,"Swansea, West Glamorgan, Wales, SA1 3ES, UK",-3.9467751,302.86,0,0,23.29,4,132,5.09,0.04,Clear,0.63,1027.06,15.88,2.74
23.27,2018-07-08 11:00:23,15.6,51.6211442,"Swansea, West Glamorgan, Wales, SA1 3ES, UK",-3.9467751,303.03,0,0,23.27,5,199,7.26,0.05,Clear,0.62,1027.16,13.78,6.24
23.47,2018-07-08 11:30:33,15.84,51.6211442,"Swansea, West Glamorgan, Wales, SA1 3ES, UK",-3.9467751,303.2,0,0,23.44,6,212,7.31,0.06,Clear,0.62,1027.18,15.9,6.37
23.73,2018-07-08 12:00:21,15.91,51.6211442,"Swansea, West Glamorgan, Wales, SA1 3ES, UK",-3.9467751,303.36,0,0,23.69,6,219,9.98,0.08,Clear,0.62,1027.19,13.76,6.79
23.9,2018-07-08 12:32:29,16.09,51.6211442,"Swansea, West Glamorgan, Wales, SA1 3ES, UK",-3.9467751,303.51,0,0,23.84,7,228,9.78,0.09,Clear,0.62,1027.23,16.05,7.13
24.63,2018-07-08 13:31:15,15.97,51.6211442,"Swansea, West Glamorgan, Wales, SA1 3ES, UK",-3.9467751,307.26,0,0,24.58,7,233,10.99,0.15,Clear,0.59,1027.21,15.95,9.25
25.02,2018-07-08 14:00:17,15.73,51.6211442,"Swansea, West Glamorgan, Wales, SA1 3ES, UK",-3.9467751,307.36,0,0,24.99,7,216,11.8,0.16,Clear,0.56,1027.22,13.78,11.54
25.15,2018-07-08 14:30:18,15.89,51.6211442,"Swansea, West Glamorgan, Wales, SA1 3ES, UK",-3.9467751,307.42,0,0,25.1,6,245,12.07,0.17,Clear,0.57,1027.13,15.88,8.06
24.79,2018-07-08 15:00:28,15.16,51.6211442,"Swansea, West Glamorgan, Wales, SA1 3ES, UK",-3.9467751,307.47,0,0,24.79,5,292,12.87,0.18,Clear,0.55,1027.04,13.78,10.03
24.84,2018-07-08 15:30:26,15.43,51.6211442,"Swansea, West Glamorgan, Wales, SA1 3ES, UK",-3.9467751,307.48,0,0,24.84,5,278,13.08,0.18,Clear,0.56,1026.96,15.88,11.2
24.96,2018-07-08 16:00:18,15.26,51.6211442,"Swansea, West Glamorgan, Wales, SA1 3ES, UK",-3.9467751,307.48,0,0,24.96,4,241,17.59,0.17,Clear,0.55,1026.88,13.76,17.59
24.45,2018-07-08 16:30:20,15.53,51.6211442,"Swansea, West Glamorgan, Wales, SA1 3ES, UK",-3.9467751,307.48,0,0,24.44,3,236,17.2,0.04,Clear,0.58,1026.72,15.88,17.2
24.99,2018-07-08 17:00:23,15.15,51.6211442,"Swansea, West Glamorgan, Wales, SA1 3ES, UK",-3.9467751,307.48,0,0,24.99,3,231,17.86,0.04,Clear,0.54,1026.6,13.78,17.86
25.11,2018-07-08 17:30:15,15.47,51.6211442,"Swansea, West Glamorgan, Wales, SA1 3ES, UK",-3.9467751,307.51,0,0,25.1,2,261,17.46,0.04,Clear,0.55,1026.49,15.88,11.56
25.29,2018-07-08 18:00:15,15.89,51.6211442,"Swansea, West Glamorgan, Wales, SA1 3ES, UK",-3.9467751,307.53,0,0,25.25,1,308,17.67,0.09,Clear,0.56,1026.42,13.76,14.61
24.82,2018-07-08 18:30:14,15.82,51.6211442,"Swansea, West Glamorgan, Wales, SA1 3ES, UK",-3.9467751,307.59,0,0,24.78,1,289,18.49,0.08,Clear,0.58,1026.34,15.87,12.87
24.99,2018-07-08 19:00:16,14.69,51.6211442,"Swansea, West Glamorgan, Wales, SA1 3ES, UK",-3.9467751,300.34,0,0,24.99,1,300,18.78,0.02,Clear,0.53,1026.23,13.76,15.4
24.29,2018-07-08 19:30:15,14.81,51.6211442,"Swansea, West Glamorgan, Wales, SA1 3ES, UK",-3.9467751,300.41,0,0,24.29,1,302,18.75,0.01,Clear,0.55,1026.34,15.88,14.21
23.85,2018-07-08 20:00:16,14.58,51.6211442,"Swansea, West Glamorgan, Wales, SA1 3ES, UK",-3.9467751,300.52,0,0,23.85,0,300,18.72,0.08,Clear,0.56,1026.45,13.76,15.26
23.05,2018-07-08 20:30:16,14.55,51.6211442,"Swansea, West Glamorgan, Wales, SA1 3ES, UK",-3.9467751,300.64,0,0,23.05,0,317,18.25,0.06,Clear,0.59,1026.62,15.88,13.84
21.92,2018-07-08 21:00:16,14.18,51.6211442,"Swansea, West Glamorgan, Wales, SA1 3ES, UK",-3.9467751,300.76,0,0,21.92,0,339,17.77,0.3,Partly Cloudy,0.62,1026.72,13.76,11.28
21.27,2018-07-08 21:30:15,14.15,51.6211442,"Swansea, West Glamorgan, Wales, SA1 3ES, UK",-3.9467751,300.89,0,0,21.27,0,337,17.25,0.24,Clear,0.64,1026.82,15.87,11.06
20.37,2018-07-08 22:00:17,14.64,51.6211442,"Swansea, West Glamorgan, Wales, SA1 3ES, UK",-3.9467751,301.03,0,0,20.37,0,302,16.74,0,Clear,0.7,1026.92,13.76,11.7
19.9,2018-07-08 22:30:13,14.38,51.6211442,"Swansea, West Glamorgan, Wales, SA1 3ES, UK",-3.9467751,301.11,0,0,19.9,0,311,19.07,0,Clear,0.71,1026.94,15.87,10.88
19.06,2018-07-08 23:00:16,14.59,51.6211442,"Swansea, West Glamorgan, Wales, SA1 3ES, UK",-3.9467751,301.2,0,0,19.06,0,317,18.41,0,Clear,0.75,1026.91,13.76,9.67
18.71,2018-07-08 23:30:15,14.36,51.6211442,"Swansea, West Glamorgan, Wales, SA1 3ES, UK",-3.9467751,301.29,0,0,18.71,0,326,17.35,0,Clear,0.76,1027.11,15.88,9.7
18.37,2018-07-09 00:00:16,14.26,51.6211442,"Swansea, West Glamorgan, Wales, SA1 3ES, UK",-3.9467751,301.38,0,0,18.37,0,349,16.29,0,Clear,0.77,1027.14,13.76,8.58
18.14,2018-07-09 00:30:18,14.04,51.6211442,"Swansea, West Glamorgan, Wales, SA1 3ES, UK",-3.9467751,301.46,0,0,18.14,0,355,15.45,0.01,Clear,0.77,1027.12,15.88,9.08
18.45,2018-07-09 01:00:13,14.56,51.6211442,"Swansea, West Glamorgan, Wales, SA1 3ES, UK",-3.9467751,304.32,0,0,18.45,0,358,14.27,0.3,Partly Cloudy,0.78,1026.98,13.76,7.07
18.15,2018-07-09 01:30:12,14.24,51.6211442,"Swansea, West Glamorgan, Wales, SA1 3ES, UK",-3.9467751,304.39,0,0,18.15,0,6,14.47,0.24,Clear,0.78,1027.09,15.87,7.64
17.79,2018-07-09 02:00:12,14.48,51.6211442,"Swansea, West Glamorgan, Wales, SA1 3ES, UK",-3.9467751,304.46,0,0,17.79,0,10,14.66,0.08,Clear,0.81,1027.19,13.76,3.17
17.59,2018-07-09 02:30:19,14.13,51.6211442,"Swansea, West Glamorgan, Wales, SA1 3ES, UK",-3.9467751,304.59,0,0,17.59,0,25,15.27,0.06,Clear,0.8,1027.13,15.88,4.78
17.92,2018-07-09 03:00:22,14.43,51.6211442,"Swansea, West Glamorgan, Wales, SA1 3ES, UK",-3.9467751,304.73,0,0,17.92,0,10,15.87,0.18,Clear,0.8,1027.04,13.76,10.64
17.72,2018-07-09 03:30:15,14.13,51.6211442,"Swansea, West Glamorgan, Wales, SA1 3ES, UK",-3.9467751,304.95,0,0,17.72,0,16,16.24,0.15,Clear,0.8,1026.99,15.88,10.38
17.34,2018-07-09 04:00:17,14.11,51.6211442,"Swansea, West Glamorgan, Wales, SA1 3ES, UK",-3.9467751,305.19,0,0,17.34,0,18,16.61,0.09,Clear,0.81,1026.95,13.76,10.43
17.28,2018-07-09 04:30:17,14.04,51.6211442,"Swansea, West Glamorgan, Wales, SA1 3ES, UK",-3.9467751,305.48,0,0,17.28,0,21,14.36,0.09,Clear,0.81,1026.9,15.88,10.04
17.65,2018-07-09 05:00:13,13.94,51.6211442,"Swansea, West Glamorgan, Wales, SA1 3ES, UK",-3.9467751,305.78,0,0,17.65,0,40,14.32,0.04,Clear,0.79,1026.9,13.76,7.6
17.72,2018-07-09 05:30:15,13.98,51.6211442,"Swansea, West Glamorgan, Wales, SA1 3ES, UK",-3.9467751,306.18,0,0,17.72,0,39,14.08,0.05,Clear,0.79,1027.01,15.88,7.55
17.52,2018-07-09 06:00:12,13.73,51.6211442,"Swansea, West Glamorgan, Wales, SA1 3ES, UK",-3.9467751,306.57,0,0,17.52,0,28,13.86,0.05,Clear,0.78,1027.1,13.76,8.77
17.93,2018-07-09 06:30:11,13.89,51.6211442,"Swansea, West Glamorgan, Wales, SA1 3ES, UK",-3.9467751,306.93,0,0,17.93,0,30,13.55,0.06,Clear,0.77,1027.18,15.87,8.5
18.13,2018-07-09 07:00:13,13.77,51.6211442,"Swansea, West Glamorgan, Wales, SA1 3ES, UK",-3.9467751,304.05,0,0,18.13,1,35,11.65,0.07,Clear,0.76,1027.16,13.76,6.92
18.87,2018-07-09 07:30:16,14.1,51.6211442,"Swansea, West Glamorgan, Wales, SA1 3ES, UK",-3.9467751,304.32,0,0,18.87,1,35,11.43,0.08,Clear,0.74,1027.21,15.88,6.92
19.88,2018-07-09 08:00:14,14.27,51.6211442,"Swansea, West Glamorgan, Wales, SA1 3ES, UK",-3.9467751,304.6,0,0,19.88,1,44,11.18,0.1,Clear,0.7,1027.25,13.76,5.04
20.58,2018-07-09 08:30:14,14.6,51.6211442,"Swansea, West Glamorgan, Wales, SA1 3ES, UK",-3.9467751,304.93,0,0,20.58,1,36,11.04,0.11,Clear,0.69,1027.3,15.88,5.21
22.15,2018-07-09 09:00:12,14.76,51.6211442,"Swansea, West Glamorgan, Wales, SA1 3ES, UK",-3.9467751,305.26,0,0,22.15,2,38,10.9,0.13,Clear,0.63,1027.26,13.74,8.45
22.56,2018-07-09 09:30:12,15.02,51.6211442,"Swansea, West Glamorgan, Wales, SA1 3ES, UK",-3.9467751,305.56,0,0,22.56,2,35,10.73,0.14,Clear,0.62,1027.16,15.87,8.08
23.3,2018-07-09 10:00:12,14.99,51.6211442,"Swansea, West Glamorgan, Wales, SA1 3ES, UK",-3.9467751,305.86,0,0,23.3,3,39,10.56,0.15,Clear,0.6,1027.05,13.76,7.31
23.63,2018-07-09 10:30:12,15.34,51.6211442,"Swansea, West Glamorgan, Wales, SA1 3ES, UK",-3.9467751,306.26,0,0,23.63,4,34,9.78,0.16,Clear,0.6,1026.95,15.88,6.78
24.29,2018-07-09 11:00:15,15.22,51.6211442,"Swansea, West Glamorgan, Wales, SA1 3ES, UK",-3.9467751,306.67,0,0,24.29,4,28,10.38,0.15,Clear,0.57,1026.85,13.76,6.63
24.51,2018-07-09 11:30:18,15.42,51.6211442,"Swansea, West Glamorgan, Wales, SA1 3ES, UK",-3.9467751,307.03,0,0,24.51,5,7,9.19,0.2,Clear,0.57,1026.73,15.88,5.5
24.97,2018-07-09 12:00:17,15.06,51.6211442,"Swansea, West Glamorgan, Wales, SA1 3ES, UK",-3.9467751,307.39,0,0,24.97,6,8,13.31,0.21,Clear,0.54,1026.64,13.76,4.99
25.13,2018-07-09 12:30:14,15.3,51.6211442,"Swansea, West Glamorgan, Wales, SA1 3ES, UK",-3.9467751,307.69,0,0,25.13,6,350,12.21,0.21,Clear,0.54,1026.49,15.88,4.91
25.34,2018-07-09 13:00:13,15.67,51.6211442,"Swansea, West Glamorgan, Wales, SA1 3ES, UK",-3.9467751,311.32,0,0,25.32,7,18,13.52,0.2,Clear,0.55,1026.3,13.76,2.8
25.53,2018-07-09 13:30:11,15.83,51.6211442,"Swansea, West Glamorgan, Wales, SA1 3ES, UK",-3.9467751,311.47,0,0,25.48,7,345,13,0.21,Clear,0.55,1026.19,15.87,3.57
25.58,2018-07-09 14:00:12,14.79,51.6211442,"Swansea, West Glamorgan, Wales, SA1 3ES, UK",-3.9467751,311.62,0,0,25.58,6,312,14.9,0.22,Clear,0.51,1026.07,13.76,8.79
25.61,2018-07-09 14:30:12,15.17,51.6211442,"Swansea, West Glamorgan, Wales, SA1 3ES, UK",-3.9467751,311.73,0,0,25.61,6,318,15.14,0.18,Clear,0.53,1025.83,15.88,10.14
26.07,2018-07-09 15:00:14,14.65,51.6211442,"Swansea, West Glamorgan, Wales, SA1 3ES, UK",-3.9467751,311.84,0,0,26.07,6,314,15.76,0.14,Clear,0.49,1025.57,13.76,10.04
25.89,2018-07-09 15:30:17,15.03,51.6211442,"Swansea, West Glamorgan, Wales, SA1 3ES, UK",-3.9467751,311.97,0,0,25.89,5,322,16.53,0.12,Clear,0.51,1025.42,15.88,11.72
25.52,2018-07-09 16:00:14,14.66,51.6211442,"Swansea, West Glamorgan, Wales, SA1 3ES, UK",-3.9467751,312.1,0,0,25.52,4,322,19.73,0.11,Clear,0.51,1025.26,13.76,13.57
25.27,2018-07-09 16:30:14,14.98,51.6211442,"Swansea, West Glamorgan, Wales, SA1 3ES, UK",-3.9467751,312.26,0,0,25.27,3,333,20.55,0.09,Clear,0.53,1024.99,15.87,15.45
25.3,2018-07-09 17:00:15,14.36,51.6211442,"Swansea, West Glamorgan, Wales, SA1 3ES, UK",-3.9467751,312.42,0,0,25.3,3,327,20.91,0.11,Clear,0.51,1024.8,13.76,14.76
24.88,2018-07-09 17:30:15,14.66,51.6211442,"Swansea, West Glamorgan, Wales, SA1 3ES, UK",-3.9467751,312.61,0,0,24.88,2,334,21.76,0.1,Clear,0.53,1024.75,15.87,16.4
24.68,2018-07-09 18:00:16,14.76,51.6211442,"Swansea, West Glamorgan, Wales, SA1 3ES, UK",-3.9467751,312.79,0,0,24.68,1,324,22.55,0.05,Clear,0.54,1024.71,13.76,14.77
24.24,2018-07-09 18:30:14,14.89,51.6211442,"Swansea, West Glamorgan, Wales, SA1 3ES, UK",-3.9467751,313.03,0,0,24.24,1,332,23.69,0.05,Clear,0.56,1024.58,15.87,15.37
23.97,2018-07-09 19:00:15,14.88,51.6211442,"Swansea, West Glamorgan, Wales, SA1 3ES, UK",-3.9467751,308.75,0,0,23.97,1,337,23.75,0.04,Clear,0.57,1024.51,13.76,13.49
23.04,2018-07-09 19:30:14,14.74,51.6211442,"Swansea, West Glamorgan, Wales, SA1 3ES, UK",-3.9467751,309.07,0,0,23.04,1,341,24.4,0.04,Clear,0.6,1024.59,15.87,14.6
22.76,2018-07-09 20:00:16,14.33,51.6211442,"Swansea, West Glamorgan, Wales, SA1 3ES, UK",-3.9467751,309.39,0,0,22.76,0,352,25.06,0.04,Clear,0.59,1024.68,13.76,15.29
21.92,2018-07-09 20:30:13,14.09,51.6211442,"Swansea, West Glamorgan, Wales, SA1 3ES, UK",-3.9467751,309.71,0,0,21.92,0,352,25.44,0.05,Clear,0.61,1024.73,15.88,15.47
21.36,2018-07-09 21:00:13,14.19,51.6211442,"Swansea, West Glamorgan, Wales, SA1 3ES, UK",-3.9467751,310.03,0,0,21.36,0,352,40.88,0.06,Clear,0.64,1024.7,13.76,11.96
20.65,2018-07-09 21:30:15,13.88,51.6211442,"Swansea, West Glamorgan, Wales, SA1 3ES, UK",-3.9467751,310.35,0,0,20.65,0,352,37.85,0.07,Clear,0.65,1024.75,15.87,12.55
20.51,2018-07-09 22:00:14,14.12,51.6211442,"Swansea, West Glamorgan, Wales, SA1 3ES, UK",-3.9467751,310.67,0,0,20.51,0,4,25.91,0.07,Clear,0.67,1024.8,13.74,15.96
19.87,2018-07-09 22:30:13,13.73,51.6211442,"Swansea, West Glamorgan, Wales, SA1 3ES, UK",-3.9467751,310.98,0,0,19.87,0,4,31.21,0.12,Clear,0.68,1024.73,15.88,15.77
20.09,2018-07-09 23:00:12,12.97,51.6211442,"Swansea, West Glamorgan, Wales, SA1 3ES, UK",-3.9467751,311.3,0,0,20.09,0,35,30.35,0.38,Partly Cloudy,0.64,1024.78,13.79,12.94
19.42,2018-07-09 23:30:13,12.89,51.6211442,"Swansea, West Glamorgan, Wales, SA1 3ES, UK",-3.9467751,311.54,0,0,19.42,0,34,28.66,0.34,Partly Cloudy,0.66,1024.8,15.92,12.65
18.84,2018-07-10 00:00:12,13,51.6211442,"Swansea, West Glamorgan, Wales, SA1 3ES, UK",-3.9467751,311.79,0,0,18.84,0,43,26.97,0.28,Partly Cloudy,0.69,1024.82,13.79,14.19
18.31,2018-07-10 00:30:11,12.88,51.6211442,"Swansea, West Glamorgan, Wales, SA1 3ES, UK",-3.9467751,312.06,0,0,18.31,0,43,25.36,0.29,Partly Cloudy,0.71,1024.82,15.88,13.63
18.43,2018-07-10 01:00:11,13.06,51.6211442,"Swansea, West Glamorgan, Wales, SA1 3ES, UK",-3.9467751,313.68,0,0,18.43,0,41,22.93,0.5,Partly Cloudy,0.71,1024.68,13.73,12.92
17.9,2018-07-10 01:30:12,12.87,51.6211442,"Swansea, West Glamorgan, Wales, SA1 3ES, UK",-3.9467751,313.98,0,0,17.9,0,41,21.66,0.51,Partly Cloudy,0.72,1024.75,15.82,12.87
17.32,2018-07-10 02:00:11,12.94,51.6211442,"Swansea, West Glamorgan, Wales, SA1 3ES, UK",-3.9467751,314.27,0,0,17.32,0,37,20.39,0.71,Mostly Cloudy,0.76,1024.84,13.68,14.95
16.98,2018-07-10 02:30:15,12.77,51.6211442,"Swansea, West Glamorgan, Wales, SA1 3ES, UK",-3.9467751,314.66,0,0,16.98,0,40,19.38,0.68,Mostly Cloudy,0.76,1024.72,15.76,14.4
16.92,2018-07-10 03:30:21,12.49,51.6211442,"Swansea, West Glamorgan, Wales, SA1 3ES, UK",-3.9467751,315.42,0,0,16.92,0,51,17.72,0.67,Mostly Cloudy,0.75,1024.55,15.68,14.95
16.52,2018-07-10 04:00:28,12.52,51.6211442,"Swansea, West Glamorgan, Wales, SA1 3ES, UK",-3.9467751,315.8,0,0,16.52,0,53,17.09,0.62,Mostly Cloudy,0.77,1024.5,13.58,13.86
16.47,2018-07-10 04:30:17,12.61,51.6211442,"Swansea, West Glamorgan, Wales, SA1 3ES, UK",-3.9467751,316.17,0,0,16.47,0,56,21.36,0.63,Mostly Cloudy,0.78,1024.4,15.58,13.95
16.67,2018-07-10 05:30:17,13.11,51.6211442,"Swansea, West Glamorgan, Wales, SA1 3ES, UK",-3.9467751,316.96,0,0,16.67,0,70,21.31,0.7,Mostly Cloudy,0.8,1024.53,15.47,13.78
16.22,2018-07-10 06:00:11,13.31,51.6211442,"Swansea, West Glamorgan, Wales, SA1 3ES, UK",-3.9467751,317.39,0,0,16.22,0,64,21.24,0.63,Mostly Cloudy,0.83,1024.66,13.42,14.26
16.46,2018-07-10 06:30:12,13.32,51.6211442,"Swansea, West Glamorgan, Wales, SA1 3ES, UK",-3.9467751,317.78,0,0,16.46,0,68,20.94,0.62,Mostly Cloudy,0.82,1024.75,15.43,14.21
16.94,2018-07-10 07:00:12,13.48,51.6211442,"Swansea, West Glamorgan, Wales, SA1 3ES, UK",-3.9467751,314.1,0,0,16.94,0,69,23,0.66,Mostly Cloudy,0.8,1024.89,14.26,15.64
17.3,2018-07-10 07:30:12,13.48,51.6211442,"Swansea, West Glamorgan, Wales, SA1 3ES, UK",-3.9467751,314.54,0,0,17.3,0,76,22.26,0.6,Mostly Cloudy,0.78,1024.94,15.87,15.16
17.68,2018-07-10 08:00:14,13.47,51.6211442,"Swansea, West Glamorgan, Wales, SA1 3ES, UK",-3.9467751,314.98,0,0,17.68,1,87,21.5,0.44,Partly Cloudy,0.76,1025.03,13.78,15.77
18.13,2018-07-10 08:30:16,13.44,51.6211442,"Swansea, West Glamorgan, Wales, SA1 3ES, UK",-3.9467751,315.42,0,0,18.13,1,91,20.37,0.42,Partly Cloudy,0.74,1024.92,15.88,15.66
18.81,2018-07-10 09:00:13,13.06,51.6211442,"Swansea, West Glamorgan, Wales, SA1 3ES, UK",-3.9467751,315.85,0,0,18.81,2,92,19.26,0.24,Clear,0.69,1024.81,13.74,17.24
19.23,2018-07-10 09:30:13,13.14,51.6211442,"Swansea, West Glamorgan, Wales, SA1 3ES, UK",-3.9467751,316.31,0,0,19.23,2,95,17.99,0.27,Partly Cloudy,0.68,1024.75,15.87,16.11
19.97,2018-07-10 10:00:14,13.45,51.6211442,"Swansea, West Glamorgan, Wales, SA1 3ES, UK",-3.9467751,316.77,0,0,19.97,3,105,16.72,0.29,Partly Cloudy,0.66,1024.69,13.76,12.75
20.19,2018-07-10 10:30:11,13.56,51.6211442,"Swansea, West Glamorgan, Wales, SA1 3ES, UK",-3.9467751,317.26,0,0,20.19,3,108,13.92,0.34,Partly Cloudy,0.66,1024.64,15.88,11.31
21.04,2018-07-10 11:00:16,13.59,51.6211442,"Swansea, West Glamorgan, Wales, SA1 3ES, UK",-3.9467751,317.74,0,0,21.04,4,113,12.54,0.35,Partly Cloudy,0.62,1024.54,13.79,10.61
21.3,2018-07-10 11:30:13,13.71,51.6211442,"Swansea, West Glamorgan, Wales, SA1 3ES, UK",-3.9467751,318.22,0,0,21.3,4,115,11.25,0.38,Partly Cloudy,0.62,1024.46,15.92,8.87
21.26,2018-07-10 12:00:21,13.68,51.6211442,"Swansea, West Glamorgan, Wales, SA1 3ES, UK",-3.9467751,318.69,0,0,21.26,5,151,11.99,0.55,Partly Cloudy,0.62,1024.39,13.81,9.77
21.83,2018-07-10 14:00:13,14.43,51.6211442,"Swansea, West Glamorgan, Wales, SA1 3ES, UK",-3.9467751,322.06,0,0,21.83,5,175,16.25,0.57,Partly Cloudy,0.63,1023.88,14.95,13.08
21.98,2018-07-10 15:30:12,14.56,51.6211442,"Swansea, West Glamorgan, Wales, SA1 3ES, UK",-3.9467751,323.71,0,0,21.98,4,160,12.99,0.52,Partly Cloudy,0.63,1023.25,15.51,4.15
21.49,2018-07-10 16:30:13,14.4,51.6211442,"Swansea, West Glamorgan, Wales, SA1 3ES, UK",-3.9467751,324.59,0,0,21.49,2,217,10.64,0.54,Partly Cloudy,0.64,1022.86,15.58,7
21.79,2018-07-10 17:30:15,14.56,51.6211442,"Swansea, West Glamorgan, Wales, SA1 3ES, UK",-3.9467751,325.32,0,0,21.79,1,231,10.91,0.6,Mostly Cloudy,0.64,1022.77,15.71,7.72
21.86,2018-07-10 18:00:14,14.18,51.6211442,"Swansea, West Glamorgan, Wales, SA1 3ES, UK",-3.9467751,325.66,0,0,21.86,1,221,8.79,0.69,Mostly Cloudy,0.62,1022.73,13.71,5.52
21.66,2018-07-10 18:30:17,14.35,51.6211442,"Swansea, West Glamorgan, Wales, SA1 3ES, UK",-3.9467751,325.96,0,0,21.66,1,225,8.58,0.71,Mostly Cloudy,0.63,1022.71,15.8,3.69
21.81,2018-07-10 19:00:15,14.61,51.6211442,"Swansea, West Glamorgan, Wales, SA1 3ES, UK",-3.9467751,321.03,0,0,21.81,1,221,10.56,0.58,Partly Cloudy,0.64,1022.64,13.9,5.38
21.19,2018-07-10 19:30:14,14.8,51.6211442,"Swansea, West Glamorgan, Wales, SA1 3ES, UK",-3.9467751,321.2,0,0,21.19,0,234,9.62,0.67,Mostly Cloudy,0.67,1022.67,15.79,2.9
20.96,2018-07-10 21:00:13,12.88,51.6211442,"Swansea, West Glamorgan, Wales, SA1 3ES, UK",-3.9467751,321.62,0,0,20.96,0,10,10.46,0.83,Mostly Cloudy,0.6,1022.57,12.59,7.48
20.43,2018-07-10 21:30:15,13.43,51.6211442,"Swansea, West Glamorgan, Wales, SA1 3ES, UK",-3.9467751,321.97,0,0,20.43,0,10,9.03,0.87,Mostly Cloudy,0.64,1022.55,14.34,6.66
19.98,2018-07-10 22:00:14,13.41,51.6211442,"Swansea, West Glamorgan, Wales, SA1 3ES, UK",-3.9467751,322.32,0,0,19.98,0,348,10.61,0.85,Mostly Cloudy,0.66,1022.52,12.83,9.58
19.54,2018-07-10 22:30:12,13.69,51.6211442,"Swansea, West Glamorgan, Wales, SA1 3ES, UK",-3.9467751,323.11,0,0,19.54,0,348,14.15,0.87,Mostly Cloudy,0.69,1022.48,14.92,9.16
19.1,2018-07-10 23:00:12,13.56,51.6211442,"Swansea, West Glamorgan, Wales, SA1 3ES, UK",-3.9467751,323.89,0,0,19.1,0,349,13.9,0.96,Overcast,0.7,1022.56,13.68,7.48
18.79,2018-07-10 23:30:12,13.76,51.6211442,"Swansea, West Glamorgan, Wales, SA1 3ES, UK",-3.9467751,324.85,0,0,18.79,0,347,13.36,0.94,Overcast,0.73,1022.58,15.96,7.81
18.44,2018-07-11 00:00:10,13.62,51.6211442,"Swansea, West Glamorgan, Wales, SA1 3ES, UK",-3.9467751,325.81,0,0,18.44,0,354,12.83,0.62,Mostly Cloudy,0.74,1022.6,14.31,7.26
18.24,2018-07-11 00:30:11,13.72,51.6211442,"Swansea, West Glamorgan, Wales, SA1 3ES, UK",-3.9467751,326.59,0,0,18.24,0,3,12.52,0.64,Mostly Cloudy,0.75,1022.61,16.09,7.18
18.12,2018-07-11 01:00:11,13.32,51.6211442,"Swansea, West Glamorgan, Wales, SA1 3ES, UK",-3.9467751,328.85,0,0,18.12,0,9,12.99,0.83,Mostly Cloudy,0.74,1022.53,14.32,9.54
17.93,2018-07-11 01:30:13,13.32,51.6211442,"Swansea, West Glamorgan, Wales, SA1 3ES, UK",-3.9467751,329.18,0,0,17.93,0,18,13.33,0.87,Mostly Cloudy,0.74,1022.46,16.09,8.8
18.15,2018-07-11 02:00:11,13.29,51.6211442,"Swansea, West Glamorgan, Wales, SA1 3ES, UK",-3.9467751,329.52,0,0,18.15,0,31,13.6,0.96,Overcast,0.73,1022.39,14.08,9.03
17.79,2018-07-11 02:30:29,13.09,51.6211442,"Swansea, West Glamorgan, Wales, SA1 3ES, UK",-3.9467751,329.71,0,0,17.79,0,40,14.16,0.97,Overcast,0.74,1022.21,16.05,8.84
18.18,2018-07-11 03:00:16,12.81,51.6211442,"Swansea, West Glamorgan, Wales, SA1 3ES, UK",-3.9467751,329.9,0,0,18.18,0,57,14.71,1,Overcast,0.71,1022.1,13.71,8.48
17.86,2018-07-11 03:30:19,12.73,51.6211442,"Swansea, West Glamorgan, Wales, SA1 3ES, UK",-3.9467751,330.01,0,0,17.86,0,65,15.18,1,Overcast,0.72,1022.02,15.82,8.61
17.82,2018-07-11 04:00:21,12.78,51.6211442,"Swansea, West Glamorgan, Wales, SA1 3ES, UK",-3.9467751,330.12,0,0,17.82,0,88,15.61,0.91,Mostly Cloudy,0.72,1021.93,13.71,8.45
17.56,2018-07-11 04:30:17,12.81,51.6211442,"Swansea, West Glamorgan, Wales, SA1 3ES, UK",-3.9467751,330.2,0,0,17.56,0,90,12.33,0.9,Mostly Cloudy,0.74,1021.95,15.84,9.09
17.63,2018-07-11 05:00:19,12.88,51.6211442,"Swansea, West Glamorgan, Wales, SA1 3ES, UK",-3.9467751,330.28,0,0,17.63,0,90,12.81,0.95,Overcast,0.74,1021.96,13.78,11.27
17.41,2018-07-11 05:30:13,12.79,51.6211442,"Swansea, West Glamorgan, Wales, SA1 3ES, UK",-3.9467751,330.28,0,0,17.41,0,91,13.33,0.92,Mostly Cloudy,0.74,1022.22,15.88,11.57
17.43,2018-07-11 06:00:12,12.06,51.6211442,"Swansea, West Glamorgan, Wales, SA1 3ES, UK",-3.9467751,330.27,0,0,17.43,0,78,13.84,0.93,Mostly Cloudy,0.71,1022.33,13.76,12.38
17.33,2018-07-11 06:30:14,12.16,51.6211442,"Swansea, West Glamorgan, Wales, SA1 3ES, UK",-3.9467751,330.24,0,0,17.33,0,84,14.19,0.9,Mostly Cloudy,0.72,1022.45,15.88,12.41
17.39,2018-07-11 07:00:13,12.28,51.6211442,"Swansea, West Glamorgan, Wales, SA1 3ES, UK",-3.9467751,327.58,0,0,17.39,0,85,14.36,0.78,Mostly Cloudy,0.72,1022.46,13.76,11.91
17.54,2018-07-11 07:30:11,12.44,51.6211442,"Swansea, West Glamorgan, Wales, SA1 3ES, UK",-3.9467751,327.22,0,0,17.54,0,91,14.56,0.85,Mostly Cloudy,0.72,1022.5,15.88,11.96
18.32,2018-07-11 08:00:12,12.73,51.6211442,"Swansea, West Glamorgan, Wales, SA1 3ES, UK",-3.9467751,326.85,0,0,18.32,1,97,14.77,0.9,Mostly Cloudy,0.7,1022.54,13.76,10.77
18.53,2018-07-11 08:30:10,12.87,51.6211442,"Swansea, West Glamorgan, Wales, SA1 3ES, UK",-3.9467751,326.39,0,0,18.53,1,102,14.79,0.88,Mostly Cloudy,0.7,1022.42,15.88,11.04
19.15,2018-07-11 09:00:12,13.22,51.6211442,"Swansea, West Glamorgan, Wales, SA1 3ES, UK",-3.9467751,325.92,0,0,19.15,1,96,14.79,0.94,Overcast,0.69,1022.42,13.76,12.34
19.22,2018-07-11 09:30:12,13.33,51.6211442,"Swansea, West Glamorgan, Wales, SA1 3ES, UK",-3.9467751,325.66,0,0,19.22,1,101,14.4,0.92,Mostly Cloudy,0.69,1022.38,15.87,11.81
19.74,2018-07-11 10:00:12,12.79,51.6211442,"Swansea, West Glamorgan, Wales, SA1 3ES, UK",-3.9467751,325.39,0,0,19.74,2,106,14.02,0.85,Mostly Cloudy,0.64,1022.35,13.74,11.81
19.82,2018-07-11 10:30:31,12.96,51.6211442,"Swansea, West Glamorgan, Wales, SA1 3ES, UK",-3.9467751,325.38,0,0,19.82,2,112,13.47,0.85,Mostly Cloudy,0.65,1022.34,15.92,10.88
20.55,2018-07-11 11:00:42,12.77,51.6211442,"Swansea, West Glamorgan, Wales, SA1 3ES, UK",-3.9467751,325.37,0.1778,0.3,20.55,3,105,12.3,0.84,Drizzle,0.61,1022.32,13.84,10.67
21.47,2018-07-11 12:00:44,12.91,51.6211442,"Swansea, West Glamorgan, Wales, SA1 3ES, UK",-3.9467751,325.67,0,0,21.47,4,151,9.82,0.83,Mostly Cloudy,0.58,1022.21,13.86,9.19
21.31,2018-07-11 12:31:03,13.21,51.6211442,"Swansea, West Glamorgan, Wales, SA1 3ES, UK",-3.9467751,325.43,0,0,21.31,4,149,8.69,0.82,Mostly Cloudy,0.6,1022.2,15.95,7.93
21.74,2018-07-11 13:00:52,12.71,51.6211442,"Swansea, West Glamorgan, Wales, SA1 3ES, UK",-3.9467751,325.22,0,0,21.74,4,176,9.16,0.82,Mostly Cloudy,0.57,1022.18,13.71,8.45
21.72,2018-07-11 13:30:10,13,51.6211442,"Swansea, West Glamorgan, Wales, SA1 3ES, UK",-3.9467751,325.65,0.2794,0.38,21.72,5,173,8.24,0.77,Drizzle,0.58,1022.06,15.53,6.95
22.04,2018-07-11 14:00:13,12.94,51.6211442,"Swansea, West Glamorgan, Wales, SA1 3ES, UK",-3.9467751,326.09,0.127,0.21,22.04,4,195,8.82,0.76,Mostly Cloudy,0.56,1021.8,13.65,7.34
22.06,2018-07-11 14:32:00,13.26,51.6211442,"Swansea, West Glamorgan, Wales, SA1 3ES, UK",-3.9467751,326.74,0.1778,0.96,22.06,4,205,8.1,0.72,Drizzle,0.57,1021.6,15.8,5.17
21.47,2018-07-11 15:02:05,12.53,51.6211442,"Swansea, West Glamorgan, Wales, SA1 3ES, UK",-3.9467751,327.36,0.1016,0.03,21.47,3,247,7.32,0.83,Mostly Cloudy,0.57,1021.42,13.7,5.75
21.7,2018-07-11 16:00:30,13.15,51.6211442,"Swansea, West Glamorgan, Wales, SA1 3ES, UK",-3.9467751,328.51,0,0,21.7,3,275,9.9,0.73,Mostly Cloudy,0.58,1021.2,13.57,9.9
21.14,2018-07-11 16:30:14,13.53,51.6211442,"Swansea, West Glamorgan, Wales, SA1 3ES, UK",-3.9467751,329.05,0,0,21.14,2,261,9.38,0.67,Mostly Cloudy,0.62,1021.06,15.56,8.03
22.11,2018-07-11 17:00:52,13.28,51.6211442,"Swansea, West Glamorgan, Wales, SA1 3ES, UK",-3.9467751,329.6,0,0,22.11,2,271,10.01,0.7,Mostly Cloudy,0.57,1020.98,13.57,7.84
21.98,2018-07-11 17:30:12,13.66,51.6211442,"Swansea, West Glamorgan, Wales, SA1 3ES, UK",-3.9467751,330.17,0,0,21.98,1,295,10.44,0.58,Partly Cloudy,0.59,1021.04,15.53,7.63
22.08,2018-07-11 18:00:39,13.05,51.6211442,"Swansea, West Glamorgan, Wales, SA1 3ES, UK",-3.9467751,330.75,0,0,22.08,1,331,10.8,0.56,Partly Cloudy,0.57,1021.02,13.53,10.8
21.78,2018-07-11 18:32:05,13.48,51.6211442,"Swansea, West Glamorgan, Wales, SA1 3ES, UK",-3.9467751,331.16,0,0,21.78,1,326,11.97,0.54,Partly Cloudy,0.59,1020.96,15.68,10.65
21.52,2018-07-11 19:02:53,13.36,51.6211442,"Swansea, West Glamorgan, Wales, SA1 3ES, UK",-3.9467751,331.53,0,0,21.52,0,322,13.07,0.75,Mostly Cloudy,0.6,1020.93,13.76,8.88
20.79,2018-07-11 20:03:05,13.85,51.6211442,"Swansea, West Glamorgan, Wales, SA1 3ES, UK",-3.9467751,327.9,0,0,20.79,0,319,15.85,0.89,Mostly Cloudy,0.65,1020.95,13.95,9.87
20.52,2018-07-11 21:00:23,13.38,51.6211442,"Swansea, West Glamorgan, Wales, SA1 3ES, UK",-3.9467751,327.96,0,0,20.52,0,320,17.2,0.85,Mostly Cloudy,0.64,1020.98,14.24,10.06
19.22,2018-07-11 22:00:39,13,51.6211442,"Swansea, West Glamorgan, Wales, SA1 3ES, UK",-3.9467751,327.88,0,0,19.22,0,339,17.48,0.87,Mostly Cloudy,0.67,1021.01,14.24,10.09
18.73,2018-07-11 22:31:08,13.08,51.6211442,"Swansea, West Glamorgan, Wales, SA1 3ES, UK",-3.9467751,327.76,0,0,18.73,0,343,17.06,0.82,Mostly Cloudy,0.7,1021.09,16.09,10.15
18.14,2018-07-11 23:00:38,13.41,51.6211442,"Swansea, West Glamorgan, Wales, SA1 3ES, UK",-3.9467751,327.64,0,0,18.14,0,332,16.33,0.84,Mostly Cloudy,0.74,1021.29,14.07,8.05
18.24,2018-07-12 08:30:22,13.87,51.6211442,"Swansea, West Glamorgan, Wales, SA1 3ES, UK",-3.9467751,327.01,0,0,18.24,1,33,8.72,0.83,Mostly Cloudy,0.76,1021.57,16,8.1
19.15,2018-07-12 21:30:27,13.61,51.6211442,"Swansea, West Glamorgan, Wales, SA1 3ES, UK",-3.9467751,337.97,0,0,19.15,0,337,15.34,0.39,Partly Cloudy,0.7,1021.66,16.09,11.46
16.5,2018-07-12 23:01:50,14.22,51.6211442,"Swansea, West Glamorgan, Wales, SA1 3ES, UK",-3.9467751,337.78,0,0,16.5,0,325,17.06,0.25,Partly Cloudy,0.86,1021.88,12.63,10.2
16.41,2018-07-12 23:30:22,14.08,51.6211442,"Swansea, West Glamorgan, Wales, SA1 3ES, UK",-3.9467751,337.4,0,0,16.41,0,332,15.77,0.29,Partly Cloudy,0.86,1021.92,13.63,9.67
16.24,2018-07-13 00:30:20,13.81,51.6211442,"Swansea, West Glamorgan, Wales, SA1 3ES, UK",-3.9467751,336.6,0,0,16.24,0,341,13.24,0.48,Partly Cloudy,0.86,1022.04,12.36,9.19
16.6,2018-07-14 08:32:20,12.68,51.6211442,"Swansea, West Glamorgan, Wales, SA1 3ES, UK",-3.9467751,339.85,0,0,16.6,1,238,6.53,0.22,Clear,0.78,1021.36,16.03,1.56
17.72,2018-07-14 09:00:48,13.44,51.6211442,"Swansea, West Glamorgan, Wales, SA1 3ES, UK",-3.9467751,338.91,0,0,17.72,1,247,8.3,0.25,Partly Cloudy,0.76,1021.31,13.81,8
18.31,2018-07-14 09:30:18,13.49,51.6211442,"Swansea, West Glamorgan, Wales, SA1 3ES, UK",-3.9467751,338.09,0,0,18.31,2,255,9.45,0.2,Clear,0.74,1021.36,15.88,8.87
19.87,2018-07-14 11:00:27,13.71,51.6211442,"Swansea, West Glamorgan, Wales, SA1 3ES, UK",-3.9467751,336.23,0,0,19.87,4,258,11.84,0.3,Partly Cloudy,0.68,1021.26,13.76,11.1
20.19,2018-07-14 11:30:27,13.92,51.6211442,"Swansea, West Glamorgan, Wales, SA1 3ES, UK",-3.9467751,335.82,0,0,20.19,4,243,12.31,0.28,Partly Cloudy,0.67,1021.27,15.88,11.59
20.4,2018-07-14 12:00:30,13.95,51.6211442,"Swansea, West Glamorgan, Wales, SA1 3ES, UK",-3.9467751,335.4,0,0,20.4,5,221,17.32,0.22,Clear,0.67,1021.28,13.78,17.32
20.67,2018-07-14 12:30:20,14.13,51.6211442,"Swansea, West Glamorgan, Wales, SA1 3ES, UK",-3.9467751,334.97,0,0,20.67,6,226,16.82,0.2,Clear,0.66,1021.17,15.88,16.82
20.72,2018-07-14 13:00:32,14.46,51.6211442,"Swansea, West Glamorgan, Wales, SA1 3ES, UK",-3.9467751,337.49,0,0,20.72,6,238,18.23,0.15,Clear,0.67,1020.99,13.78,17.45
20.95,2018-07-14 13:30:28,14.48,51.6211442,"Swansea, West Glamorgan, Wales, SA1 3ES, UK",-3.9467751,337.11,0,0,20.95,6,241,17.85,0.13,Clear,0.67,1020.86,15.9,17.09
21.61,2018-07-14 14:00:23,14.02,51.6211442,"Swansea, West Glamorgan, Wales, SA1 3ES, UK",-3.9467751,336.74,0,0,21.61,6,240,19.49,0.13,Clear,0.62,1020.63,13.78,17.8
21.33,2018-07-14 14:30:18,14.11,51.6211442,"Swansea, West Glamorgan, Wales, SA1 3ES, UK",-3.9467751,336.31,0,0,21.33,6,243,18.8,0.08,Clear,0.63,1020.43,15.88,17.28
21.36,2018-07-14 15:00:23,13.71,51.6211442,"Swansea, West Glamorgan, Wales, SA1 3ES, UK",-3.9467751,335.89,0,0,21.36,5,238,20.44,0.05,Clear,0.62,1020.24,13.78,18.81
21.26,2018-07-14 15:30:25,13.82,51.6211442,"Swansea, West Glamorgan, Wales, SA1 3ES, UK",-3.9467751,335.39,0,0,21.26,5,242,19.68,0.04,Clear,0.63,1020.12,15.88,18.2
21.38,2018-07-14 16:00:27,13.84,51.6211442,"Swansea, West Glamorgan, Wales, SA1 3ES, UK",-3.9467751,334.9,0,0,21.38,4,244,19.81,0.12,Clear,0.62,1019.99,13.78,17.69
21.07,2018-07-14 16:30:28,13.84,51.6211442,"Swansea, West Glamorgan, Wales, SA1 3ES, UK",-3.9467751,334.2,0,0,21.07,3,234,18.86,0.11,Clear,0.63,1019.77,15.9,16.77
21.71,2018-07-14 17:00:30,13.98,51.6211442,"Swansea, West Glamorgan, Wales, SA1 3ES, UK",-3.9467751,333.5,0,0,21.71,2,230,20.55,0.09,Clear,0.62,1019.57,13.78,16.58
21.22,2018-07-14 17:30:19,13.93,51.6211442,"Swansea, West Glamorgan, Wales, SA1 3ES, UK",-3.9467751,332.71,0,0,21.22,2,253,19.63,0.07,Clear,0.63,1019.43,15.88,13.78
21.19,2018-07-14 18:00:26,14.31,51.6211442,"Swansea, West Glamorgan, Wales, SA1 3ES, UK",-3.9467751,331.91,0,0,21.19,1,289,22.21,0.08,Clear,0.65,1019.29,13.78,21.76
20.89,2018-07-14 18:30:30,14.07,51.6211442,"Swansea, West Glamorgan, Wales, SA1 3ES, UK",-3.9467751,331.27,0,0,20.89,1,281,20.66,0.07,Clear,0.65,1019.21,15.9,20.34
20.48,2018-07-14 19:00:27,13.98,51.6211442,"Swansea, West Glamorgan, Wales, SA1 3ES, UK",-3.9467751,323.87,0,0,20.48,1,256,22.43,0.02,Clear,0.66,1019.1,13.78,20.97
19.93,2018-07-14 19:30:19,13.95,51.6211442,"Swansea, West Glamorgan, Wales, SA1 3ES, UK",-3.9467751,323.72,0,0,19.93,1,259,20.21,0.02,Clear,0.68,1019.07,15.92,18.76
19.16,2018-07-14 20:00:19,14.03,51.6211442,"Swansea, West Glamorgan, Wales, SA1 3ES, UK",-3.9467751,323.57,0,0,19.16,0,264,23.05,0.02,Clear,0.72,1018.98,13.76,19.62
18.58,2018-07-14 20:30:18,14.01,51.6211442,"Swansea, West Glamorgan, Wales, SA1 3ES, UK",-3.9467751,323.55,0,0,18.58,0,264,19.75,0.02,Clear,0.75,1019.04,15.88,17.04
18.18,2018-07-14 21:00:23,13.87,51.6211442,"Swansea, West Glamorgan, Wales, SA1 3ES, UK",-3.9467751,323.54,0,0,18.18,0,262,19.94,0.02,Clear,0.76,1019.11,13.76,17.93
17.66,2018-07-14 21:30:23,13.85,51.6211442,"Swansea, West Glamorgan, Wales, SA1 3ES, UK",-3.9467751,323.48,0,0,17.66,0,261,16.99,0.03,Clear,0.78,1019.08,15.88,15.4
17.08,2018-07-14 22:00:24,14.25,51.6211442,"Swansea, West Glamorgan, Wales, SA1 3ES, UK",-3.9467751,323.42,0,0,17.08,0,259,16.37,0.04,Clear,0.83,1019.06,13.78,14.31
16.73,2018-07-14 22:30:23,14.1,51.6211442,"Swansea, West Glamorgan, Wales, SA1 3ES, UK",-3.9467751,323.3,0,0,16.73,0,264,13.95,0.02,Clear,0.84,1018.97,15.95,12.09
16.72,2018-07-14 23:00:25,14.19,51.6211442,"Swansea, West Glamorgan, Wales, SA1 3ES, UK",-3.9467751,323.19,0,0,16.72,0,271,13.52,0.04,Clear,0.85,1018.96,13.89,12.65
16.42,2018-07-14 23:30:23,14.04,51.6211442,"Swansea, West Glamorgan, Wales, SA1 3ES, UK",-3.9467751,323.06,0,0,16.42,0,263,11.46,0.06,Clear,0.86,1019.06,16.06,10.36
16.54,2018-07-15 00:00:10,14.16,51.6211442,"Swansea, West Glamorgan, Wales, SA1 3ES, UK",-3.9467751,322.94,0,0,16.54,0,239,8.35,0.09,Clear,0.86,1018.98,13.9,7.89
16.22,2018-07-15 00:30:08,14.01,51.6211442,"Swansea, West Glamorgan, Wales, SA1 3ES, UK",-3.9467751,322.75,0,0,16.22,0,240,7.92,0.13,Clear,0.87,1018.92,15.92,6.94
16.12,2018-07-15 01:00:13,14.14,51.6211442,"Swansea, West Glamorgan, Wales, SA1 3ES, UK",-3.9467751,324.01,0,0,16.12,0,258,9,0.17,Clear,0.88,1018.8,13.55,6.82
15.85,2018-07-15 01:30:08,13.97,51.6211442,"Swansea, West Glamorgan, Wales, SA1 3ES, UK",-3.9467751,323.85,0,0,15.85,0,254,8.56,0.2,Clear,0.89,1018.68,15.18,6.12
16.1,2018-07-15 02:00:09,14.4,51.6211442,"Swansea, West Glamorgan, Wales, SA1 3ES, UK",-3.9467751,323.69,0,0,16.09,0,256,9.53,0.24,Clear,0.9,1018.55,12.68,7.64
15.69,2018-07-15 02:30:16,14.17,51.6211442,"Swansea, West Glamorgan, Wales, SA1 3ES, UK",-3.9467751,323.49,0,0,15.69,0,246,8.58,0.29,Partly Cloudy,0.91,1018.32,12.55,6.37
15.53,2018-07-15 03:00:17,14.39,51.6211442,"Swansea, West Glamorgan, Wales, SA1 3ES, UK",-3.9467751,323.29,0,0,15.5,0,241,9.54,0.56,Partly Cloudy,0.93,1018.14,11.17,6.16
15.36,2018-07-15 03:30:28,14.2,51.6211442,"Swansea, West Glamorgan, Wales, SA1 3ES, UK",-3.9467751,323.07,0,0,15.34,0,232,8.72,0.56,Partly Cloudy,0.93,1017.97,12.02,5.49
15.54,2018-07-15 04:00:22,13.87,51.6211442,"Swansea, West Glamorgan, Wales, SA1 3ES, UK",-3.9467751,322.86,0,0,15.54,0,230,9.95,0.63,Mostly Cloudy,0.9,1017.8,10.99,4.91
15.46,2018-07-15 04:30:15,13.86,51.6211442,"Swansea, West Glamorgan, Wales, SA1 3ES, UK",-3.9467751,322.64,0,0,15.46,0,221,8.93,0.62,Mostly Cloudy,0.9,1017.7,11.64,4.31
15.5,2018-07-15 05:00:23,14.36,51.6211442,"Swansea, West Glamorgan, Wales, SA1 3ES, UK",-3.9467751,322.42,0,0,15.47,0,217,10.19,0.44,Partly Cloudy,0.93,1017.67,10.67,4.84
15.67,2018-07-15 05:30:13,14.46,51.6211442,"Swansea, West Glamorgan, Wales, SA1 3ES, UK",-3.9467751,322.17,0,0,15.63,0,209,9.64,0.44,Partly Cloudy,0.93,1017.69,11.23,5.55
15.38,2018-07-15 06:00:15,14.2,51.6211442,"Swansea, West Glamorgan, Wales, SA1 3ES, UK",-3.9467751,321.93,0,0,15.37,0,224,8.88,0.56,Partly Cloudy,0.93,1017.73,10.35,5.02
15.71,2018-07-15 06:30:13,14.3,51.6211442,"Swansea, West Glamorgan, Wales, SA1 3ES, UK",-3.9467751,321.76,0,0,15.7,0,218,9.78,0.57,Partly Cloudy,0.91,1017.72,11.33,5.63
15.12,2018-07-15 07:00:13,13.31,51.6211442,"Swansea, West Glamorgan, Wales, SA1 3ES, UK",-3.9467751,317.83,0,0,15.12,0,200,9.17,0.38,Partly Cloudy,0.89,1017.74,11.88,2.33
15.78,2018-07-15 07:30:11,13.63,51.6211442,"Swansea, West Glamorgan, Wales, SA1 3ES, UK",-3.9467751,317.65,0,0,15.78,1,205,10.11,0.4,Partly Cloudy,0.87,1017.76,13.9,4.38
16.42,2018-07-15 08:00:09,14.58,51.6211442,"Swansea, West Glamorgan, Wales, SA1 3ES, UK",-3.9467751,317.47,0,0,16.4,1,171,11.04,0.24,Clear,0.89,1017.72,16.09,4.73
17.09,2018-07-15 08:30:10,14.77,51.6211442,"Swansea, West Glamorgan, Wales, SA1 3ES, UK",-3.9467751,317.25,0,0,17.07,1,186,12.04,0.32,Partly Cloudy,0.86,1017.64,15.93,6.13
18.58,2018-07-15 09:00:10,15.72,51.6211442,"Swansea, West Glamorgan, Wales, SA1 3ES, UK",-3.9467751,317.04,0,0,18.48,1,191,13.02,0.35,Partly Cloudy,0.84,1017.57,13.37,10.24
18.88,2018-07-15 09:30:09,15.53,51.6211442,"Swansea, West Glamorgan, Wales, SA1 3ES, UK",-3.9467751,316.9,0,0,18.82,2,195,13.86,0.33,Partly Cloudy,0.81,1017.46,15.66,10.64
19.41,2018-07-15 10:00:14,15.52,51.6211442,"Swansea, West Glamorgan, Wales, SA1 3ES, UK",-3.9467751,316.76,0,0,19.37,2,201,14.68,0.56,Partly Cloudy,0.78,1017.35,14,12.42
19.69,2018-07-15 10:30:18,15.34,51.6211442,"Swansea, West Glamorgan, Wales, SA1 3ES, UK",-3.9467751,316.69,0,0,19.68,3,205,15.45,0.52,Partly Cloudy,0.76,1017.3,16.09,12.47
20.03,2018-07-15 11:00:36,15.23,51.6211442,"Swansea, West Glamorgan, Wales, SA1 3ES, UK",-3.9467751,316.62,0,0,20.03,4,202,15.95,0.32,Partly Cloudy,0.74,1017.29,13.87,13.15
20.38,2018-07-15 11:30:22,15.08,51.6211442,"Swansea, West Glamorgan, Wales, SA1 3ES, UK",-3.9467751,316.58,0,0,20.38,5,209,16.19,0.26,Partly Cloudy,0.72,1017.27,15.95,12.83
21.08,2018-07-15 12:00:22,14.73,51.6211442,"Swansea, West Glamorgan, Wales, SA1 3ES, UK",-3.9467751,316.55,0,0,21.08,5,203,16.43,0.26,Partly Cloudy,0.67,1017.24,13.76,12.3
21.16,2018-07-15 12:30:19,14.64,51.6211442,"Swansea, West Glamorgan, Wales, SA1 3ES, UK",-3.9467751,316.6,0,0,21.16,6,210,16.72,0.2,Clear,0.66,1017.18,15.87,12.25
21.49,2018-07-15 13:00:22,14.43,51.6211442,"Swansea, West Glamorgan, Wales, SA1 3ES, UK",-3.9467751,322.49,0,0,21.49,7,200,16.03,0.12,Clear,0.64,1017.14,13.71,13.71
21.65,2018-07-15 13:30:30,14.31,51.6211442,"Swansea, West Glamorgan, Wales, SA1 3ES, UK",-3.9467751,322.7,0,0,21.65,7,207,16.46,0.11,Clear,0.63,1017.06,15.85,13.49
